index,time,value
0,0.0,0.0
1,1.0,0.0
2,4.0,0.0
3,7.0,0.0
4,8.0,0.0
5,9.0,0.0
6,11.0,0.0
7,14.0,0.0
8,16.0,0.0
9,18.0,64.0
10,20.0,233.0
11,21.0,245.0
12,22.0,245.0
13,24.0,170.0
14,26.0,170.0
15,29.0,40.0
16,31.0,0.0
17,34.0,0.0
18,36.0,0.0
19,39.0,0.0
20,42.0,0.0
21,43.0,0.0
22,45.0,0.0
23,46.0,0.0
24,49.0,0.0
25,50.0,0.0
26,53.0,0.0
27,56.0,0.0
28,58.0,0.0
29,61.0,0.0
30,62.0,0.0
31,65.0,0.0
32,67.0,0.0
33,69.0,0.0
34,71.0,0.0
35,74.0,0.0
36,75.0,81.0
37,78.0,190.0
38,81.0,194.0
39,83.0,167.0
40,86.0,174.0
41,87.0,174.0
42,89.0,178.0
43,91.0,181.0
44,94.0,168.0
45,96.0,181.0
46,97.0,166.0
47,100.0,167.0
48,101.0,161.0
49,104.0,146.0
50,105.0,136.0
51,107.0,19.0
52,110.0,20.0
53,112.0,0.0
54,115.0,0.0
55,118.0,0.0
56,119.0,222.0
57,120.0,236.0
58,123.0,241.0
59,125.0,231.0
60,126.0,208.0
61,128.0,210.0
62,129.0,214.0
63,131.0,208.0
64,134.0,208.0
65,136.0,184.0
66,139.0,188.0
67,142.0,185.0
68,144.0,181.0
69,145.0,193.0
70,146.0,193.0
71,149.0,187.0
72,152.0,187.0
73,154.0,188.0
74,156.0,206.0
75,159.0,212.0
76,161.0,201.0
77,162.0,201.0
78,164.0,176.0
79,165.0,190.0
80,167.0,177.0
81,170.0,177.0
82,173.0,183.0
83,175.0,189.0
84,177.0,188.0
85,180.0,188.0
86,183.0,190.0
87,184.0,190.0
88,186.0,187.0
89,189.0,182.0
90,190.0,184.0
91,193.0,186.0
92,194.0,184.0
93,197.0,192.0
94,198.0,189.0
95,201.0,204.0
96,202.0,204.0
97,204.0,193.0
98,206.0,192.0
99,209.0,186.0
100,210.0,189.0
101,211.0,197.0
102,212.0,202.0
103,213.0,187.0
104,216.0,177.0
105,219.0,177.0
106,220.0,179.0
107,222.0,178.0
108,223.0,180.0
109,224.0,180.0
110,227.0,177.0
111,230.0,166.0
112,231.0,175.0
113,233.0,182.0
114,234.0,186.0
115,236.0,199.0
116,237.0,199.0
117,240.0,187.0
118,243.0,177.0
119,245.0,176.0
120,247.0,197.0
121,249.0,201.0
122,250.0,208.0
123,253.0,196.0
124,254.0,189.0
125,255.0,198.0
126,258.0,186.0
127,261.0,184.0
128,262.0,185.0
129,264.0,182.0
130,267.0,185.0
131,270.0,190.0
132,273.0,203.0
133,274.0,197.0
134,276.0,201.0
135,278.0,217.0
136,281.0,176.0
137,282.0,176.0
138,284.0,169.0
139,287.0,169.0
140,290.0,149.0
141,291.0,207.0
142,294.0,245.0
143,296.0,205.0
144,297.0,205.0
145,299.0,208.0
146,301.0,212.0
147,304.0,211.0
148,306.0,199.0
149,309.0,199.0
150,312.0,199.0
151,314.0,201.0
152,317.0,194.0
153,319.0,193.0
154,322.0,195.0
155,325.0,187.0
156,328.0,186.0
157,330.0,167.0
158,332.0,178.0
159,333.0,170.0
160,334.0,197.0
161,337.0,203.0
162,339.0,193.0
163,342.0,204.0
164,345.0,199.0
165,347.0,195.0
166,349.0,204.0
167,351.0,209.0
168,354.0,205.0
169,356.0,221.0
170,357.0,217.0
171,359.0,222.0
172,360.0,222.0
173,362.0,213.0
174,365.0,236.0
175,367.0,236.0
176,369.0,241.0
177,372.0,236.0
178,374.0,252.0
179,376.0,226.0
180,377.0,211.0
181,378.0,200.0
182,381.0,167.0
183,382.0,167.0
184,383.0,174.0
185,386.0,179.0
186,389.0,187.0
187,392.0,180.0
188,395.0,177.0
189,398.0,187.0
190,401.0,181.0
191,403.0,181.0
192,405.0,175.0
193,407.0,196.0
194,408.0,197.0
195,411.0,197.0
196,414.0,186.0
197,417.0,186.0
198,419.0,171.0
199,422.0,178.0
200,423.0,179.0
201,424.0,175.0
202,427.0,171.0
203,430.0,171.0
204,432.0,171.0
205,434.0,147.0
206,435.0,144.0
207,438.0,129.0
208,440.0,121.0
209,443.0,122.0
210,445.0,210.0
211,448.0,215.0
212,451.0,210.0
213,453.0,192.0
214,454.0,201.0
215,457.0,200.0
216,458.0,195.0
217,459.0,199.0
218,461.0,208.0
219,462.0,199.0
220,465.0,187.0
221,468.0,191.0
222,470.0,192.0
223,472.0,202.0
224,474.0,210.0
225,477.0,193.0
226,480.0,208.0
227,481.0,182.0
228,482.0,174.0
229,483.0,169.0
230,486.0,159.0
231,488.0,152.0
232,489.0,150.0
233,492.0,0.0
234,493.0,0.0
235,495.0,0.0
236,498.0,81.0
237,500.0,210.0
238,502.0,194.0
239,505.0,199.0
240,508.0,203.0
241,509.0,211.0
242,511.0,234.0
243,512.0,251.0
244,513.0,230.0
245,514.0,215.0
246,515.0,244.0
247,518.0,249.0
248,519.0,251.0
249,522.0,246.0
250,524.0,333.0
251,526.0,320.0
252,529.0,322.0
253,532.0,322.0
254,534.0,290.0
255,536.0,275.0
256,537.0,267.0
257,539.0,57.0
258,541.0,57.0
259,544.0,208.0
260,547.0,218.0
261,548.0,219.0
262,551.0,212.0
263,552.0,232.0
264,555.0,223.0
265,558.0,212.0
266,559.0,209.0
267,561.0,212.0
268,562.0,205.0
269,563.0,199.0
270,566.0,215.0
271,567.0,218.0
272,568.0,195.0
273,571.0,202.0
274,574.0,204.0
275,576.0,203.0
276,578.0,197.0
277,579.0,192.0
278,581.0,202.0
279,582.0,186.0
280,585.0,187.0
281,588.0,183.0
282,590.0,191.0
283,593.0,202.0
284,594.0,199.0
285,597.0,209.0
286,600.0,198.0
287,602.0,186.0
288,605.0,191.0
289,606.0,194.0
290,609.0,189.0
291,610.0,175.0
292,611.0,188.0
293,614.0,188.0
294,615.0,187.0
295,618.0,209.0
296,619.0,198.0
297,620.0,177.0
298,622.0,190.0
299,624.0,184.0
300,626.0,192.0
301,628.0,200.0
302,631.0,200.0
303,632.0,202.0
304,635.0,197.0
305,638.0,156.0
306,639.0,182.0
307,641.0,192.0
308,642.0,191.0
309,643.0,192.0
310,644.0,200.0
311,645.0,205.0
312,648.0,210.0
313,651.0,212.0
314,653.0,212.0
315,656.0,221.0
316,659.0,204.0
317,662.0,199.0
318,664.0,190.0
319,665.0,199.0
320,668.0,195.0
321,670.0,197.0
322,672.0,205.0
323,675.0,198.0
324,678.0,205.0
325,680.0,197.0
326,683.0,181.0
327,686.0,172.0
328,689.0,167.0
329,690.0,171.0
330,691.0,164.0
331,693.0,191.0
332,696.0,196.0
333,698.0,186.0
334,701.0,187.0
335,702.0,171.0
336,704.0,164.0
337,705.0,195.0
338,708.0,189.0
339,711.0,189.0
340,714.0,176.0
341,717.0,176.0
342,719.0,181.0
343,722.0,182.0
344,725.0,188.0
345,727.0,183.0
346,730.0,189.0
347,733.0,185.0
348,734.0,207.0
349,735.0,220.0
350,737.0,215.0
351,740.0,209.0
352,743.0,206.0
353,746.0,169.0
354,749.0,157.0
355,750.0,187.0
356,752.0,206.0
357,754.0,203.0
358,755.0,193.0
359,756.0,190.0
360,758.0,205.0
361,761.0,199.0
362,764.0,201.0
363,767.0,204.0
364,770.0,195.0
365,773.0,200.0
366,776.0,194.0
367,777.0,193.0
368,778.0,196.0
369,780.0,186.0
370,781.0,186.0
371,784.0,200.0
372,786.0,200.0
373,787.0,204.0
374,789.0,204.0
375,790.0,200.0
376,791.0,200.0
377,792.0,181.0
378,794.0,185.0
379,795.0,197.0
380,798.0,198.0
381,800.0,198.0
382,803.0,206.0
383,805.0,207.0
384,807.0,184.0
385,808.0,184.0
386,810.0,187.0
387,811.0,190.0
388,812.0,197.0
389,813.0,191.0
390,816.0,190.0
391,819.0,207.0
392,820.0,207.0
393,823.0,198.0
394,826.0,214.0
395,829.0,227.0
396,830.0,235.0
397,831.0,224.0
398,833.0,212.0
399,835.0,224.0
400,837.0,223.0
401,840.0,223.0
402,843.0,231.0
403,846.0,237.0
404,848.0,207.0
405,849.0,243.0
406,852.0,222.0
407,855.0,234.0
408,856.0,215.0
409,857.0,199.0
410,858.0,221.0
411,861.0,212.0
412,862.0,205.0
413,863.0,206.0
414,865.0,202.0
415,868.0,203.0
416,869.0,183.0
417,871.0,175.0
418,873.0,168.0
419,874.0,167.0
420,875.0,152.0
421,876.0,152.0
422,879.0,114.0
423,881.0,75.0
424,884.0,0.0
425,885.0,0.0
426,888.0,0.0
427,890.0,0.0
428,893.0,0.0
429,894.0,0.0
430,895.0,134.0
431,898.0,224.0
432,901.0,209.0
433,904.0,145.0
434,907.0,224.0
435,910.0,216.0
436,913.0,203.0
437,915.0,201.0
438,916.0,202.0
439,917.0,214.0
440,918.0,229.0
441,920.0,218.0
442,921.0,212.0
443,922.0,177.0
444,925.0,143.0
445,928.0,159.0
446,929.0,156.0
447,930.0,129.0
448,933.0,55.0
449,935.0,0.0
450,937.0,0.0
451,938.0,0.0
452,940.0,0.0
453,942.0,316.0
454,943.0,297.0
455,946.0,294.0
456,949.0,291.0
457,952.0,377.0
458,954.0,417.0
459,957.0,340.0
460,960.0,280.0
461,963.0,0.0
462,966.0,0.0
463,968.0,0.0
464,971.0,0.0
465,972.0,196.0
466,975.0,0.0
467,976.0,0.0
468,977.0,0.0
469,978.0,0.0
470,979.0,0.0
471,980.0,0.0
472,981.0,0.0
473,984.0,0.0
474,985.0,0.0
475,987.0,0.0
476,988.0,274.0
477,989.0,283.0
478,990.0,292.0
479,992.0,292.0
480,993.0,258.0
481,995.0,238.0
482,997.0,224.0
483,1000.0,224.0
484,1001.0,259.0
485,1002.0,252.0
486,1004.0,244.0
487,1005.0,261.0
488,1006.0,245.0
489,1009.0,222.0
490,1010.0,207.0
491,1013.0,194.0
492,1015.0,191.0
493,1018.0,182.0
494,1020.0,181.0
495,1023.0,180.0
496,1024.0,202.0
497,1026.0,197.0
498,1029.0,210.0
499,1032.0,219.0
500,1034.0,208.0
501,1035.0,214.0
502,1037.0,224.0
503,1038.0,279.0
504,1040.0,273.0
505,1043.0,194.0
506,1045.0,202.0
507,1047.0,202.0
508,1050.0,209.0
509,1051.0,221.0
510,1052.0,210.0
511,1055.0,227.0
512,1056.0,257.0
513,1058.0,228.0
514,1061.0,218.0
515,1062.0,192.0
516,1063.0,169.0
517,1064.0,189.0
518,1065.0,207.0
519,1066.0,204.0
520,1068.0,214.0
521,1069.0,202.0
522,1070.0,196.0
523,1072.0,197.0
524,1075.0,173.0
525,1077.0,179.0
526,1080.0,199.0
527,1081.0,211.0
528,1083.0,214.0
529,1086.0,209.0
530,1088.0,209.0
531,1089.0,212.0
532,1092.0,225.0
533,1093.0,223.0
534,1095.0,216.0
535,1097.0,209.0
536,1098.0,211.0
537,1099.0,206.0
538,1102.0,200.0
539,1105.0,200.0
540,1107.0,188.0
541,1110.0,193.0
542,1111.0,196.0
543,1113.0,195.0
544,1115.0,191.0
545,1116.0,204.0
546,1117.0,198.0
547,1119.0,184.0
548,1121.0,167.0
549,1122.0,139.0
550,1125.0,133.0
551,1126.0,114.0
552,1129.0,105.0
553,1132.0,105.0
554,1134.0,108.0
555,1135.0,165.0
556,1138.0,205.0
557,1139.0,219.0
558,1140.0,241.0
559,1142.0,206.0
560,1144.0,173.0
561,1145.0,173.0
562,1146.0,165.0
563,1147.0,293.0
564,1150.0,290.0
565,1153.0,373.0
566,1155.0,367.0
567,1156.0,258.0
568,1159.0,224.0
569,1161.0,202.0
570,1162.0,200.0
571,1163.0,204.0
572,1164.0,223.0
573,1167.0,122.0
574,1170.0,0.0
575,1173.0,0.0
576,1176.0,0.0
577,1178.0,0.0
578,1181.0,0.0
579,1182.0,0.0
580,1183.0,0.0
581,1185.0,0.0
582,1186.0,0.0
583,1189.0,0.0
584,1192.0,0.0
585,1195.0,0.0
586,1197.0,0.0
587,1199.0,0.0
588,1200.0,0.0
589,1203.0,49.0
590,1205.0,239.0
591,1206.0,247.0
592,1208.0,282.0
593,1211.0,294.0
594,1213.0,289.0
595,1215.0,297.0
596,1216.0,331.0
597,1219.0,115.0
598,1220.0,115.0
599,1223.0,220.0
600,1226.0,214.0
601,1229.0,227.0
602,1232.0,218.0
603,1235.0,215.0
604,1237.0,194.0
605,1238.0,213.0
606,1241.0,201.0
607,1244.0,200.0
608,1247.0,200.0
609,1250.0,226.0
610,1251.0,209.0
611,1253.0,201.0
612,1254.0,208.0
613,1257.0,198.0
614,1259.0,200.0
615,1262.0,213.0
616,1265.0,204.0
617,1267.0,184.0
618,1268.0,181.0
619,1270.0,191.0
620,1273.0,189.0
621,1275.0,178.0
622,1278.0,189.0
623,1281.0,194.0
624,1284.0,170.0
625,1286.0,164.0
626,1288.0,164.0
627,1289.0,157.0
628,1290.0,162.0
629,1292.0,167.0
630,1295.0,188.0
631,1298.0,212.0
632,1301.0,214.0
633,1304.0,188.0
634,1307.0,125.0
635,1309.0,112.0
636,1311.0,0.0
637,1312.0,0.0
638,1315.0,0.0
639,1318.0,0.0
640,1321.0,12.0
641,1322.0,1.0
642,1323.0,1.0
643,1325.0,1.0
644,1327.0,5.0
645,1329.0,0.0
646,1330.0,0.0
647,1333.0,0.0
648,1336.0,0.0
649,1339.0,0.0
650,1340.0,0.0
651,1343.0,0.0
652,1362.0,0.0
653,1364.0,458.0
654,1367.0,440.0
655,1368.0,429.0
656,1371.0,471.0
657,1373.0,407.0
658,1375.0,406.0
659,1378.0,420.0
660,1381.0,490.0
661,1382.0,403.0
662,1383.0,329.0
663,1386.0,396.0
664,1388.0,465.0
665,1390.0,379.0
666,1392.0,276.0
667,1395.0,228.0
668,1398.0,190.0
669,1401.0,209.0
670,1403.0,231.0
671,1405.0,298.0
672,1408.0,252.0
673,1411.0,183.0
674,1412.0,146.0
675,1414.0,141.0
676,1417.0,104.0
677,1420.0,42.0
678,1422.0,0.0
679,1423.0,0.0
680,1426.0,0.0
681,1427.0,0.0
682,1429.0,0.0
683,1431.0,0.0
684,1434.0,8.0
685,1437.0,2.0
686,1438.0,3.0
687,1439.0,5.0
688,1440.0,5.0
689,1442.0,0.0
690,1444.0,0.0
691,1447.0,0.0
692,1450.0,0.0
693,1471.0,0.0
694,1474.0,322.0
695,1476.0,333.0
696,1479.0,341.0
697,1480.0,391.0
698,1481.0,250.0
699,1483.0,259.0
700,1484.0,248.0
701,1486.0,249.0
702,1487.0,282.0
703,1490.0,255.0
704,1492.0,238.0
705,1494.0,258.0
706,1497.0,275.0
707,1500.0,237.0
708,1501.0,257.0
709,1502.0,268.0
710,1503.0,244.0
711,1506.0,237.0
712,1508.0,221.0
713,1511.0,208.0
714,1512.0,202.0
715,1513.0,219.0
716,1514.0,242.0
717,1517.0,241.0
718,1518.0,215.0
719,1520.0,237.0
720,1523.0,224.0
721,1524.0,241.0
722,1527.0,227.0
723,1528.0,231.0
724,1529.0,222.0
725,1532.0,230.0
726,1535.0,206.0
727,1536.0,187.0
728,1538.0,333.0
729,1540.0,267.0
730,1541.0,223.0
731,1543.0,195.0
732,1545.0,183.0
733,1546.0,183.0
734,1549.0,203.0
735,1552.0,230.0
736,1555.0,236.0
737,1558.0,225.0
738,1560.0,240.0
739,1562.0,227.0
740,1563.0,227.0
741,1566.0,228.0
742,1568.0,234.0
743,1570.0,234.0
744,1573.0,224.0
745,1576.0,247.0
746,1578.0,228.0
747,1580.0,221.0
748,1581.0,186.0
749,1583.0,183.0
750,1585.0,179.0
751,1587.0,179.0
752,1590.0,191.0
753,1593.0,201.0
754,1596.0,204.0
755,1597.0,225.0
756,1599.0,264.0
757,1602.0,227.0
758,1603.0,197.0
759,1604.0,208.0
760,1606.0,224.0
761,1609.0,201.0
762,1611.0,194.0
763,1612.0,172.0
764,1615.0,209.0
765,1618.0,177.0
766,1621.0,142.0
767,1624.0,111.0
768,1625.0,105.0
769,1628.0,101.0
770,1629.0,130.0
771,1630.0,172.0
772,1633.0,171.0
773,1635.0,211.0
774,1637.0,200.0
775,1638.0,226.0
776,1639.0,218.0
777,1642.0,203.0
778,1644.0,207.0
779,1645.0,233.0
780,1648.0,205.0
781,1650.0,205.0
782,1653.0,213.0
783,1656.0,223.0
784,1657.0,216.0
785,1659.0,198.0
786,1662.0,203.0
787,1665.0,225.0
788,1666.0,283.0
789,1668.0,238.0
790,1670.0,209.0
791,1673.0,205.0
792,1676.0,193.0
793,1677.0,199.0
794,1678.0,183.0
795,1679.0,190.0
796,1680.0,203.0
797,1683.0,192.0
798,1686.0,203.0
799,1687.0,215.0
800,1690.0,190.0
801,1692.0,182.0
802,1693.0,199.0
803,1694.0,196.0
804,1695.0,198.0
805,1697.0,208.0
806,1699.0,206.0
807,1702.0,212.0
808,1705.0,222.0
809,1707.0,225.0
810,1708.0,222.0
811,1711.0,215.0
812,1714.0,203.0
813,1716.0,208.0
814,1719.0,187.0
815,1721.0,202.0
816,1722.0,224.0
817,1723.0,198.0
818,1726.0,196.0
819,1727.0,196.0
820,1729.0,193.0
821,1731.0,192.0
822,1732.0,206.0
823,1734.0,202.0
824,1736.0,212.0
825,1738.0,228.0
826,1739.0,222.0
827,1741.0,228.0
828,1743.0,230.0
829,1745.0,202.0
830,1747.0,183.0
831,1748.0,187.0
832,1751.0,204.0
833,1754.0,216.0
834,1757.0,199.0
835,1759.0,203.0
836,1761.0,224.0
837,1762.0,219.0
838,1763.0,209.0
839,1764.0,211.0
840,1765.0,214.0
841,1767.0,212.0
842,1770.0,231.0
843,1771.0,232.0
844,1772.0,230.0
845,1775.0,219.0
846,1777.0,219.0
847,1778.0,231.0
848,1779.0,246.0
849,1781.0,239.0
850,1782.0,234.0
851,1784.0,226.0
852,1787.0,215.0
853,1788.0,206.0
854,1789.0,209.0
855,1790.0,207.0
856,1792.0,196.0
857,1794.0,203.0
858,1797.0,221.0
859,1799.0,215.0
860,1801.0,203.0
861,1802.0,189.0
862,1803.0,203.0
863,1804.0,185.0
864,1807.0,185.0
865,1809.0,191.0
866,1811.0,195.0
867,1813.0,203.0
868,1816.0,211.0
869,1817.0,208.0
870,1819.0,211.0
871,1821.0,212.0
872,1824.0,202.0
873,1826.0,211.0
874,1827.0,210.0
875,1830.0,197.0
876,1833.0,192.0
877,1836.0,178.0
878,1838.0,179.0
879,1839.0,175.0
880,1840.0,176.0
881,1843.0,178.0
882,1845.0,175.0
883,1846.0,189.0
884,1848.0,175.0
885,1851.0,171.0
886,1852.0,174.0
887,1855.0,179.0
888,1858.0,164.0
889,1861.0,152.0
890,1863.0,160.0
891,1865.0,147.0
892,1868.0,122.0
893,1869.0,104.0
894,1871.0,129.0
895,1873.0,124.0
896,1875.0,147.0
897,1878.0,162.0
898,1881.0,155.0
899,1882.0,137.0
900,1883.0,163.0
901,1886.0,216.0
902,1889.0,171.0
903,1892.0,199.0
904,1894.0,183.0
905,1897.0,167.0
906,1899.0,331.0
907,1902.0,331.0
908,1904.0,269.0
909,1906.0,248.0
910,1909.0,223.0
911,1910.0,214.0
912,1911.0,204.0
913,1912.0,199.0
914,1915.0,202.0
915,1917.0,224.0
916,1919.0,223.0
917,1922.0,230.0
918,1923.0,238.0
919,1926.0,228.0
920,1928.0,228.0
921,1931.0,212.0
922,1933.0,211.0
923,1935.0,202.0
924,1938.0,208.0
925,1939.0,207.0
926,1940.0,201.0
927,1942.0,190.0
928,1943.0,173.0
929,1945.0,160.0
930,1947.0,22.0
931,1948.0,22.0
932,1949.0,226.0
933,1952.0,242.0
934,1953.0,227.0
935,1955.0,212.0
936,1958.0,217.0
937,1959.0,208.0
938,1960.0,212.0
939,1963.0,210.0
940,1966.0,200.0
941,1969.0,211.0
942,1971.0,203.0
943,1973.0,223.0
944,1975.0,223.0
945,1978.0,234.0
946,1979.0,234.0
947,1982.0,211.0
948,1985.0,211.0
949,1987.0,206.0
950,1989.0,197.0
951,1991.0,204.0
952,1994.0,197.0
953,1996.0,192.0
954,1999.0,213.0
955,2002.0,213.0
956,2004.0,187.0
957,2006.0,190.0
958,2009.0,196.0
959,2010.0,190.0
960,2011.0,201.0
961,2013.0,197.0
962,2016.0,204.0
963,2018.0,213.0
964,2019.0,214.0
965,2021.0,207.0
966,2022.0,202.0
967,2023.0,195.0
968,2025.0,208.0
969,2028.0,202.0
970,2029.0,211.0
971,2030.0,219.0
972,2033.0,214.0
973,2035.0,202.0
974,2037.0,186.0
975,2038.0,231.0
976,2039.0,283.0
977,2041.0,277.0
978,2042.0,254.0
979,2045.0,245.0
980,2046.0,222.0
981,2048.0,202.0
982,2049.0,219.0
983,2051.0,214.0
984,2053.0,224.0
985,2054.0,234.0
986,2056.0,224.0
987,2058.0,215.0
988,2060.0,216.0
989,2061.0,213.0
990,2062.0,214.0
991,2063.0,210.0
992,2064.0,192.0
993,2067.0,198.0
994,2068.0,207.0
995,2071.0,214.0
996,2074.0,219.0
997,2075.0,235.0
998,2076.0,204.0
999,2078.0,199.0
1000,2081.0,189.0
1001,2082.0,195.0
1002,2083.0,213.0
1003,2085.0,211.0
1004,2086.0,203.0
1005,2089.0,215.0
1006,2092.0,211.0
1007,2095.0,210.0
1008,2098.0,210.0
1009,2100.0,232.0
1010,2103.0,200.0
1011,2106.0,204.0
1012,2108.0,201.0
1013,2109.0,194.0
1014,2110.0,200.0
1015,2111.0,190.0
1016,2114.0,204.0
1017,2116.0,203.0
1018,2117.0,181.0
1019,2120.0,194.0
1020,2123.0,194.0
1021,2124.0,193.0
1022,2125.0,195.0
1023,2127.0,202.0
1024,2130.0,206.0
1025,2132.0,217.0
1026,2134.0,201.0
1027,2135.0,205.0
1028,2137.0,208.0
1029,2138.0,203.0
1030,2139.0,215.0
1031,2140.0,208.0
1032,2142.0,209.0
1033,2145.0,216.0
1034,2148.0,209.0
1035,2151.0,219.0
1036,2152.0,215.0
1037,2155.0,225.0
1038,2158.0,208.0
1039,2161.0,222.0
1040,2163.0,210.0
1041,2165.0,213.0
1042,2168.0,230.0
1043,2169.0,221.0
1044,2172.0,204.0
1045,2173.0,214.0
1046,2176.0,222.0
1047,2177.0,215.0
1048,2180.0,222.0
1049,2183.0,222.0
1050,2185.0,204.0
1051,2188.0,222.0
1052,2189.0,214.0
1053,2190.0,201.0
1054,2192.0,208.0
1055,2193.0,195.0
1056,2194.0,208.0
1057,2195.0,192.0
1058,2196.0,190.0
1059,2199.0,216.0
1060,2200.0,204.0
1061,2203.0,196.0
1062,2204.0,197.0
1063,2206.0,205.0
1064,2208.0,214.0
1065,2210.0,203.0
1066,2212.0,207.0
1067,2213.0,199.0
1068,2214.0,197.0
1069,2215.0,238.0
1070,2217.0,226.0
1071,2218.0,204.0
1072,2220.0,205.0
1073,2223.0,210.0
1074,2226.0,194.0
1075,2228.0,185.0
1076,2229.0,178.0
1077,2231.0,167.0
1078,2234.0,188.0
1079,2236.0,187.0
1080,2237.0,189.0
1081,2238.0,187.0
1082,2239.0,217.0
1083,2242.0,228.0
1084,2243.0,223.0
1085,2244.0,216.0
1086,2246.0,225.0
1087,2249.0,215.0
1088,2251.0,207.0
1089,2253.0,199.0
1090,2254.0,192.0
1091,2255.0,187.0
1092,2256.0,193.0
1093,2259.0,219.0
1094,2260.0,232.0
1095,2261.0,201.0
1096,2262.0,197.0
1097,2263.0,177.0
1098,2266.0,179.0
1099,2267.0,190.0
1100,2270.0,184.0
1101,2273.0,180.0
1102,2274.0,173.0
1103,2275.0,191.0
1104,2276.0,207.0
1105,2278.0,192.0
1106,2281.0,193.0
1107,2283.0,175.0
1108,2285.0,175.0
1109,2286.0,196.0
1110,2288.0,201.0
1111,2289.0,200.0
1112,2292.0,210.0
1113,2293.0,204.0
1114,2294.0,195.0
1115,2297.0,194.0
1116,2298.0,180.0
1117,2299.0,177.0
1118,2300.0,165.0
1119,2302.0,180.0
1120,2304.0,184.0
1121,2305.0,186.0
1122,2307.0,176.0
1123,2309.0,190.0
1124,2311.0,208.0
1125,2314.0,191.0
1126,2317.0,168.0
1127,2318.0,169.0
1128,2320.0,118.0
1129,2323.0,0.0
1130,2325.0,0.0
1131,2327.0,0.0
1132,2329.0,0.0
1133,2332.0,0.0
1134,2334.0,0.0
1135,2337.0,202.0
1136,2340.0,220.0
1137,2342.0,53.0
1138,2343.0,54.0
1139,2344.0,214.0
1140,2347.0,0.0
1141,2349.0,0.0
1142,2352.0,0.0
1143,2354.0,223.0
1144,2357.0,264.0
1145,2358.0,214.0
1146,2359.0,233.0
1147,2362.0,245.0
1148,2363.0,227.0
1149,2366.0,227.0
1150,2367.0,213.0
1151,2370.0,213.0
1152,2372.0,217.0
1153,2375.0,239.0
1154,2376.0,226.0
1155,2379.0,232.0
1156,2382.0,226.0
1157,2384.0,209.0
1158,2385.0,189.0
1159,2387.0,210.0
1160,2390.0,211.0
1161,2393.0,219.0
1162,2396.0,212.0
1163,2399.0,208.0
1164,2400.0,216.0
1165,2401.0,210.0
1166,2402.0,211.0
1167,2404.0,209.0
1168,2405.0,218.0
1169,2408.0,210.0
1170,2411.0,210.0
1171,2412.0,213.0
1172,2413.0,206.0
1173,2415.0,206.0
1174,2418.0,214.0
1175,2419.0,208.0
1176,2422.0,199.0
1177,2425.0,209.0
1178,2426.0,207.0
1179,2429.0,203.0
1180,2430.0,198.0
1181,2432.0,201.0
1182,2434.0,203.0
1183,2435.0,201.0
1184,2437.0,208.0
1185,2438.0,204.0
1186,2441.0,208.0
1187,2444.0,203.0
1188,2447.0,212.0
1189,2450.0,219.0
1190,2451.0,209.0
1191,2454.0,200.0
1192,2455.0,201.0
1193,2457.0,193.0
1194,2460.0,192.0
1195,2463.0,195.0
1196,2464.0,186.0
1197,2466.0,187.0
1198,2469.0,182.0
1199,2472.0,176.0
1200,2475.0,187.0
1201,2476.0,195.0
1202,2479.0,184.0
1203,2480.0,192.0
1204,2483.0,193.0
1205,2486.0,190.0
1206,2487.0,193.0
1207,2488.0,206.0
1208,2490.0,205.0
1209,2491.0,205.0
1210,2493.0,210.0
1211,2494.0,218.0
1212,2495.0,209.0
1213,2496.0,218.0
1214,2499.0,211.0
1215,2501.0,216.0
1216,2502.0,210.0
1217,2505.0,239.0
1218,2506.0,219.0
1219,2507.0,202.0
1220,2509.0,203.0
1221,2511.0,202.0
1222,2513.0,202.0
1223,2515.0,205.0
1224,2518.0,210.0
1225,2520.0,213.0
1226,2521.0,222.0
1227,2523.0,219.0
1228,2525.0,220.0
1229,2526.0,213.0
1230,2529.0,208.0
1231,2532.0,199.0
1232,2535.0,203.0
1233,2538.0,225.0
1234,2541.0,233.0
1235,2542.0,213.0
1236,2543.0,212.0
1237,2546.0,216.0
1238,2549.0,232.0
1239,2552.0,214.0
1240,2553.0,213.0
1241,2555.0,202.0
1242,2557.0,207.0
1243,2559.0,206.0
1244,2562.0,197.0
1245,2564.0,195.0
1246,2566.0,207.0
1247,2567.0,205.0
1248,2570.0,228.0
1249,2573.0,206.0
1250,2576.0,213.0
1251,2579.0,222.0
1252,2582.0,240.0
1253,2584.0,211.0
1254,2587.0,223.0
1255,2590.0,217.0
1256,2593.0,227.0
1257,2596.0,234.0
1258,2597.0,218.0
1259,2598.0,211.0
1260,2600.0,197.0
1261,2601.0,238.0
1262,2603.0,212.0
1263,2604.0,199.0
1264,2606.0,210.0
1265,2607.0,207.0
1266,2608.0,191.0
1267,2610.0,196.0
1268,2613.0,199.0
1269,2614.0,184.0
1270,2615.0,193.0
1271,2618.0,192.0
1272,2619.0,193.0
1273,2620.0,193.0
1274,2623.0,208.0
1275,2625.0,188.0
1276,2626.0,192.0
1277,2627.0,198.0
1278,2630.0,203.0
1279,2631.0,201.0
1280,2632.0,230.0
1281,2633.0,230.0
1282,2636.0,216.0
1283,2637.0,216.0
1284,2639.0,201.0
1285,2640.0,211.0
1286,2642.0,211.0
1287,2643.0,203.0
1288,2646.0,200.0
1289,2647.0,209.0
1290,2648.0,209.0
1291,2649.0,193.0
1292,2650.0,202.0
1293,2652.0,207.0
1294,2655.0,216.0
1295,2657.0,259.0
1296,2658.0,238.0
1297,2661.0,213.0
1298,2662.0,229.0
1299,2665.0,230.0
1300,2668.0,246.0
1301,2670.0,213.0
1302,2672.0,193.0
1303,2674.0,198.0
1304,2677.0,198.0
1305,2680.0,205.0
1306,2683.0,198.0
1307,2685.0,187.0
1308,2688.0,192.0
1309,2691.0,213.0
1310,2693.0,206.0
1311,2696.0,215.0
1312,2698.0,199.0
1313,2700.0,197.0
1314,2701.0,184.0
1315,2702.0,198.0
1316,2705.0,219.0
1317,2707.0,214.0
1318,2709.0,208.0
1319,2712.0,198.0
1320,2714.0,226.0
1321,2717.0,200.0
1322,2718.0,199.0
1323,2719.0,202.0
1324,2720.0,195.0
1325,2722.0,205.0
1326,2725.0,200.0
1327,2728.0,206.0
1328,2730.0,205.0
1329,2732.0,207.0
1330,2734.0,204.0
1331,2737.0,221.0
1332,2739.0,214.0
1333,2740.0,210.0
1334,2742.0,229.0
1335,2743.0,222.0
1336,2744.0,212.0
1337,2746.0,205.0
1338,2748.0,203.0
1339,2750.0,212.0
1340,2751.0,209.0
1341,2752.0,209.0
1342,2755.0,217.0
1343,2758.0,201.0
1344,2759.0,230.0
1345,2761.0,226.0
1346,2763.0,214.0
1347,2766.0,216.0
1348,2768.0,221.0
1349,2771.0,221.0
1350,2772.0,214.0
1351,2773.0,214.0
1352,2774.0,217.0
1353,2776.0,204.0
1354,2777.0,206.0
1355,2778.0,200.0
1356,2780.0,192.0
1357,2781.0,202.0
1358,2782.0,203.0
1359,2783.0,196.0
1360,2784.0,194.0
1361,2787.0,186.0
1362,2789.0,198.0
1363,2792.0,184.0
1364,2795.0,190.0
1365,2796.0,202.0
1366,2799.0,192.0
1367,2801.0,175.0
1368,2802.0,181.0
1369,2804.0,204.0
1370,2807.0,189.0
1371,2810.0,173.0
1372,2813.0,172.0
1373,2815.0,138.0
1374,2818.0,2.0
1375,2820.0,13.0
1376,2821.0,13.0
1377,2822.0,14.0
1378,2823.0,143.0
1379,2825.0,110.0
1380,2828.0,45.0
1381,2829.0,48.0
1382,2830.0,48.0
1383,2833.0,69.0
1384,2834.0,0.0
1385,2836.0,0.0
1386,2839.0,0.0
1387,2842.0,0.0
1388,2844.0,200.0
1389,2847.0,193.0
1390,2849.0,193.0
1391,2850.0,225.0
1392,2852.0,257.0
1393,2853.0,228.0
1394,2855.0,233.0
1395,2858.0,230.0
1396,2860.0,234.0
1397,2862.0,237.0
1398,2865.0,231.0
1399,2866.0,242.0
1400,2869.0,242.0
1401,2871.0,226.0
1402,2873.0,240.0
1403,2876.0,246.0
1404,2877.0,247.0
1405,2878.0,240.0
1406,2879.0,240.0
1407,2882.0,246.0
1408,2885.0,237.0
1409,2887.0,230.0
1410,2888.0,194.0
1411,2890.0,149.0
1412,2891.0,0.0
1413,2893.0,0.0
1414,2895.0,0.0
1415,2897.0,0.0
1416,2899.0,0.0
1417,2902.0,0.0
1418,2904.0,0.0
1419,2906.0,0.0
1420,2908.0,0.0
1421,2909.0,0.0
1422,2910.0,0.0
1423,2911.0,0.0
1424,2913.0,0.0
1425,2915.0,0.0
1426,2917.0,0.0
1427,2919.0,101.0
1428,2921.0,225.0
1429,2923.0,0.0
1430,2925.0,0.0
1431,2926.0,0.0
1432,2927.0,0.0
1433,2928.0,0.0
1434,2929.0,0.0
1435,2931.0,0.0
1436,2933.0,0.0
1437,2934.0,0.0
1438,2937.0,257.0
1439,2938.0,253.0
1440,2941.0,297.0
1441,2944.0,314.0
1442,2946.0,73.0
1443,2947.0,74.0
1444,2948.0,194.0
1445,2950.0,246.0
1446,2953.0,248.0
1447,2954.0,228.0
1448,2955.0,230.0
1449,2956.0,230.0
1450,2957.0,223.0
1451,2958.0,223.0
1452,2959.0,219.0
1453,2962.0,213.0
1454,2965.0,204.0
1455,2967.0,209.0
1456,2969.0,206.0
1457,2971.0,213.0
1458,2974.0,204.0
1459,2977.0,215.0
1460,2978.0,216.0
1461,2979.0,216.0
1462,2981.0,203.0
1463,2983.0,182.0
1464,2986.0,186.0
1465,2987.0,195.0
1466,2989.0,205.0
1467,2990.0,210.0
1468,2993.0,200.0
1469,2994.0,197.0
1470,2997.0,210.0
1471,3000.0,223.0
1472,3003.0,220.0
1473,3005.0,205.0
1474,3007.0,192.0
1475,3010.0,193.0
1476,3012.0,188.0
1477,3014.0,188.0
1478,3017.0,196.0
1479,3020.0,196.0
1480,3023.0,191.0
1481,3024.0,184.0
1482,3026.0,184.0
1483,3027.0,185.0
1484,3028.0,198.0
1485,3030.0,209.0
1486,3033.0,223.0
1487,3036.0,217.0
1488,3038.0,224.0
1489,3039.0,207.0
1490,3040.0,195.0
1491,3041.0,202.0
1492,3043.0,206.0
1493,3046.0,208.0
1494,3049.0,209.0
1495,3052.0,212.0
1496,3053.0,210.0
1497,3054.0,202.0
1498,3055.0,204.0
1499,3057.0,189.0
1500,3060.0,198.0
1501,3062.0,210.0
1502,3065.0,209.0
1503,3068.0,218.0
1504,3070.0,205.0
1505,3073.0,210.0
1506,3075.0,198.0
1507,3076.0,202.0
1508,3077.0,210.0
1509,3079.0,217.0
1510,3080.0,198.0
1511,3081.0,207.0
1512,3083.0,223.0
1513,3086.0,224.0
1514,3087.0,192.0
1515,3088.0,196.0
1516,3091.0,201.0
1517,3094.0,204.0
1518,3095.0,208.0
1519,3097.0,224.0
1520,3099.0,199.0
1521,3102.0,195.0
1522,3104.0,199.0
1523,3106.0,189.0
1524,3107.0,194.0
1525,3110.0,188.0
1526,3111.0,188.0
1527,3114.0,188.0
1528,3116.0,186.0
1529,3119.0,188.0
1530,3121.0,195.0
1531,3124.0,192.0
1532,3127.0,194.0
1533,3130.0,201.0
1534,3132.0,199.0
1535,3133.0,198.0
1536,3136.0,209.0
1537,3138.0,205.0
1538,3140.0,217.0
1539,3143.0,209.0
1540,3146.0,218.0
1541,3147.0,209.0
1542,3149.0,214.0
1543,3150.0,224.0
1544,3151.0,213.0
1545,3154.0,209.0
1546,3157.0,201.0
1547,3158.0,205.0
1548,3161.0,211.0
1549,3164.0,194.0
1550,3165.0,190.0
1551,3166.0,194.0
1552,3169.0,200.0
1553,3172.0,207.0
1554,3175.0,214.0
1555,3178.0,197.0
1556,3181.0,190.0
1557,3184.0,186.0
1558,3186.0,195.0
1559,3188.0,201.0
1560,3190.0,185.0
1561,3192.0,181.0
1562,3195.0,178.0
1563,3198.0,173.0
1564,3201.0,204.0
1565,3203.0,220.0
1566,3206.0,193.0
1567,3207.0,181.0
1568,3209.0,179.0
1569,3212.0,169.0
1570,3215.0,176.0
1571,3218.0,176.0
1572,3219.0,181.0
1573,3222.0,178.0
1574,3225.0,192.0
1575,3228.0,191.0
1576,3229.0,183.0
1577,3232.0,184.0
1578,3234.0,184.0
1579,3237.0,194.0
1580,3240.0,177.0
1581,3241.0,177.0
1582,3243.0,162.0
1583,3246.0,148.0
1584,3247.0,142.0
1585,3249.0,150.0
1586,3251.0,161.0
1587,3254.0,164.0
1588,3255.0,168.0
1589,3256.0,202.0
1590,3258.0,225.0
1591,3261.0,206.0
1592,3263.0,199.0
1593,3266.0,190.0
1594,3267.0,184.0
1595,3268.0,185.0
1596,3271.0,210.0
1597,3272.0,226.0
1598,3274.0,227.0
1599,3277.0,230.0
1600,3278.0,227.0
1601,3281.0,222.0
1602,3282.0,227.0
1603,3284.0,216.0
1604,3286.0,217.0
1605,3289.0,214.0
1606,3291.0,204.0
1607,3294.0,217.0
1608,3296.0,197.0
1609,3299.0,237.0
1610,3302.0,229.0
1611,3305.0,236.0
1612,3308.0,223.0
1613,3309.0,228.0
1614,3311.0,205.0
1615,3312.0,188.0
1616,3315.0,217.0
1617,3317.0,234.0
1618,3318.0,240.0
1619,3319.0,261.0
1620,3321.0,244.0
1621,3324.0,218.0
1622,3327.0,198.0
1623,3328.0,196.0
1624,3330.0,202.0
1625,3333.0,178.0
1626,3335.0,150.0
1627,3338.0,190.0
1628,3339.0,272.0
1629,3340.0,368.0
1630,3343.0,312.0
1631,3346.0,267.0
1632,3347.0,239.0
1633,3349.0,224.0
1634,3350.0,232.0
1635,3352.0,271.0
1636,3355.0,235.0
1637,3358.0,237.0
1638,3360.0,245.0
1639,3363.0,238.0
1640,3366.0,226.0
1641,3368.0,230.0
1642,3369.0,211.0
1643,3372.0,219.0
1644,3374.0,225.0
1645,3375.0,233.0
1646,3378.0,232.0
1647,3381.0,245.0
1648,3382.0,237.0
1649,3383.0,210.0
1650,3385.0,199.0
1651,3388.0,191.0
1652,3390.0,192.0
1653,3391.0,198.0
1654,3392.0,190.0
1655,3394.0,202.0
1656,3397.0,214.0
1657,3400.0,214.0
1658,3403.0,204.0
1659,3406.0,226.0
1660,3407.0,192.0
1661,3409.0,204.0
1662,3412.0,232.0
1663,3414.0,226.0
1664,3416.0,227.0
1665,3418.0,234.0
1666,3419.0,242.0
1667,3420.0,227.0
1668,3422.0,212.0
1669,3424.0,208.0
1670,3425.0,217.0
1671,3426.0,231.0
1672,3427.0,227.0
1673,3429.0,227.0
1674,3431.0,220.0
1675,3432.0,217.0
1676,3435.0,211.0
1677,3438.0,212.0
1678,3441.0,235.0
1679,3442.0,257.0
1680,3445.0,261.0
1681,3448.0,213.0
1682,3450.0,197.0
1683,3453.0,196.0
1684,3454.0,205.0
1685,3455.0,219.0
1686,3458.0,199.0
1687,3460.0,215.0
1688,3463.0,214.0
1689,3464.0,207.0
1690,3465.0,223.0
1691,3468.0,204.0
1692,3471.0,206.0
1693,3472.0,244.0
1694,3474.0,243.0
1695,3475.0,238.0
1696,3478.0,232.0
1697,3479.0,216.0
1698,3482.0,189.0
1699,3484.0,187.0
1700,3485.0,193.0
1701,3487.0,180.0
1702,3490.0,205.0
1703,3492.0,227.0
1704,3494.0,226.0
1705,3496.0,226.0
1706,3499.0,218.0
1707,3500.0,216.0
1708,3501.0,202.0
1709,3503.0,220.0
1710,3505.0,220.0
1711,3507.0,227.0
1712,3508.0,216.0
1713,3509.0,234.0
1714,3512.0,240.0
1715,3514.0,237.0
1716,3517.0,248.0
1717,3518.0,246.0
1718,3519.0,243.0
1719,3520.0,238.0
1720,3522.0,226.0
1721,3523.0,236.0
1722,3524.0,223.0
1723,3527.0,225.0
1724,3529.0,226.0
1725,3532.0,228.0
1726,3535.0,229.0
1727,3536.0,223.0
1728,3537.0,236.0
1729,3539.0,228.0
1730,3541.0,230.0
1731,3542.0,236.0
1732,3544.0,227.0
1733,3545.0,240.0
1734,3547.0,227.0
1735,3550.0,229.0
1736,3552.0,243.0
1737,3554.0,238.0
1738,3556.0,233.0
1739,3559.0,221.0
1740,3561.0,236.0
1741,3563.0,218.0
1742,3566.0,224.0
1743,3569.0,240.0
1744,3572.0,231.0
1745,3573.0,228.0
1746,3575.0,254.0
1747,3578.0,246.0
1748,3579.0,232.0
1749,3582.0,241.0
1750,3583.0,224.0
1751,3584.0,220.0
1752,3585.0,251.0
1753,3587.0,229.0
1754,3590.0,228.0
1755,3591.0,239.0
1756,3592.0,243.0
1757,3594.0,232.0
1758,3595.0,233.0
1759,3598.0,230.0
1760,3600.0,230.0
1761,3603.0,232.0
1762,3605.0,222.0
1763,3607.0,227.0
1764,3608.0,235.0
1765,3610.0,225.0
1766,3612.0,228.0
1767,3613.0,232.0
1768,3615.0,232.0
1769,3616.0,241.0
1770,3617.0,226.0
1771,3620.0,212.0
1772,3623.0,214.0
1773,3624.0,202.0
1774,3627.0,189.0
1775,3628.0,195.0
1776,3631.0,200.0
1777,3633.0,190.0
1778,3636.0,204.0
1779,3639.0,224.0
1780,3641.0,232.0
1781,3642.0,219.0
1782,3643.0,206.0
1783,3646.0,210.0
1784,3648.0,214.0
1785,3650.0,222.0
1786,3651.0,211.0
1787,3652.0,213.0
1788,3655.0,204.0
1789,3657.0,215.0
1790,3660.0,216.0
1791,3661.0,219.0
1792,3664.0,210.0
1793,3667.0,228.0
1794,3669.0,210.0
1795,3670.0,221.0
1796,3672.0,205.0
1797,3673.0,199.0
1798,3674.0,208.0
1799,3676.0,211.0
1800,3679.0,203.0
1801,3681.0,200.0
1802,3682.0,191.0
1803,3684.0,197.0
1804,3685.0,201.0
1805,3688.0,206.0
1806,3691.0,209.0
1807,3692.0,215.0
1808,3693.0,203.0
1809,3695.0,208.0
1810,3697.0,211.0
1811,3698.0,208.0
1812,3699.0,212.0
1813,3702.0,212.0
1814,3705.0,207.0
1815,3708.0,198.0
1816,3709.0,193.0
1817,3710.0,198.0
1818,3711.0,193.0
1819,3712.0,212.0
1820,3715.0,204.0
1821,3717.0,208.0
1822,3720.0,199.0
1823,3721.0,213.0
1824,3723.0,215.0
1825,3725.0,216.0
1826,3727.0,220.0
1827,3730.0,220.0
1828,3732.0,216.0
1829,3735.0,219.0
1830,3738.0,209.0
1831,3741.0,217.0
1832,3742.0,222.0
1833,3743.0,241.0
1834,3746.0,235.0
1835,3747.0,222.0
1836,3748.0,221.0
1837,3749.0,198.0
1838,3751.0,214.0
1839,3753.0,223.0
1840,3755.0,216.0
1841,3756.0,234.0
1842,3759.0,234.0
1843,3761.0,226.0
1844,3762.0,219.0
1845,3764.0,221.0
1846,3767.0,214.0
1847,3769.0,231.0
1848,3771.0,236.0
1849,3772.0,205.0
1850,3773.0,209.0
1851,3776.0,205.0
1852,3778.0,205.0
1853,3781.0,224.0
1854,3782.0,218.0
1855,3785.0,213.0
1856,3786.0,214.0
1857,3787.0,201.0
1858,3788.0,188.0
1859,3789.0,196.0
1860,3792.0,213.0
1861,3793.0,210.0
1862,3795.0,219.0
1863,3798.0,220.0
1864,3801.0,221.0
1865,3803.0,218.0
1866,3806.0,217.0
1867,3809.0,217.0
1868,3810.0,196.0
1869,3813.0,203.0
1870,3815.0,205.0
1871,3817.0,201.0
1872,3818.0,215.0
1873,3819.0,215.0
1874,3822.0,214.0
1875,3825.0,194.0
1876,3828.0,186.0
1877,3831.0,184.0
1878,3832.0,191.0
1879,3835.0,192.0
1880,3837.0,192.0
1881,3839.0,197.0
1882,3842.0,190.0
1883,3843.0,194.0
1884,3845.0,189.0
1885,3847.0,193.0
1886,3848.0,209.0
1887,3850.0,200.0
1888,3852.0,200.0
1889,3854.0,192.0
1890,3855.0,196.0
1891,3858.0,187.0
1892,3860.0,197.0
1893,3863.0,193.0
1894,3866.0,198.0
1895,3867.0,184.0
1896,3868.0,192.0
1897,3870.0,196.0
1898,3872.0,185.0
1899,3873.0,179.0
1900,3874.0,0.0
1901,3877.0,0.0
1902,3880.0,0.0
1903,3881.0,0.0
1904,3884.0,0.0
1905,3886.0,142.0
1906,3888.0,280.0
1907,3891.0,296.0
1908,3893.0,301.0
1909,3895.0,274.0
1910,3896.0,257.0
1911,3898.0,233.0
1912,3900.0,225.0
1913,3903.0,214.0
1914,3905.0,227.0
1915,3908.0,219.0
1916,3911.0,216.0
1917,3914.0,199.0
1918,3915.0,212.0
1919,3916.0,199.0
1920,3919.0,216.0
1921,3921.0,205.0
1922,3923.0,191.0
1923,3924.0,191.0
1924,3925.0,176.0
1925,3928.0,180.0
1926,3931.0,183.0
1927,3934.0,182.0
1928,3935.0,176.0
1929,3938.0,183.0
1930,3939.0,177.0
1931,3942.0,211.0
1932,3944.0,209.0
1933,3946.0,185.0
1934,3947.0,194.0
1935,3950.0,211.0
1936,3953.0,206.0
1937,3956.0,201.0
1938,3959.0,209.0
1939,3961.0,209.0
1940,3963.0,216.0
1941,3966.0,222.0
1942,3969.0,226.0
1943,3970.0,213.0
1944,3973.0,232.0
1945,3976.0,232.0
1946,3979.0,235.0
1947,3981.0,233.0
1948,3984.0,221.0
1949,3986.0,223.0
1950,3988.0,217.0
1951,3989.0,212.0
1952,3992.0,216.0
1953,3993.0,210.0
1954,3994.0,205.0
1955,3995.0,219.0
1956,3996.0,210.0
1957,3998.0,202.0
1958,3999.0,197.0
1959,4000.0,191.0
1960,4001.0,190.0
1961,4003.0,210.0
1962,4006.0,214.0
1963,4009.0,209.0
1964,4010.0,213.0
1965,4011.0,211.0
1966,4013.0,203.0
1967,4014.0,198.0
1968,4017.0,195.0
1969,4018.0,191.0
1970,4020.0,185.0
1971,4022.0,192.0
1972,4023.0,173.0
1973,4024.0,168.0
1974,4027.0,169.0
1975,4030.0,166.0
1976,4031.0,185.0
1977,4033.0,172.0
1978,4035.0,188.0
1979,4038.0,182.0
1980,4041.0,178.0
1981,4044.0,188.0
1982,4046.0,191.0
1983,4047.0,181.0
1984,4050.0,182.0
1985,4052.0,187.0
1986,4055.0,181.0
1987,4057.0,182.0
1988,4060.0,185.0
1989,4063.0,191.0
1990,4065.0,197.0
1991,4068.0,197.0
1992,4069.0,192.0
1993,4072.0,206.0
1994,4074.0,214.0
1995,4075.0,206.0
1996,4077.0,212.0
1997,4078.0,199.0
1998,4081.0,195.0
1999,4083.0,200.0
2000,4086.0,191.0
2001,4089.0,206.0
2002,4092.0,212.0
2003,4095.0,200.0
2004,4096.0,191.0
2005,4097.0,194.0
2006,4100.0,197.0
2007,4103.0,207.0
2008,4104.0,201.0
2009,4105.0,195.0
2010,4106.0,197.0
2011,4109.0,205.0
2012,4111.0,202.0
2013,4113.0,209.0
2014,4115.0,205.0
2015,4117.0,213.0
2016,4118.0,205.0
2017,4120.0,177.0
2018,4122.0,185.0
2019,4123.0,179.0
2020,4125.0,185.0
2021,4127.0,201.0
2022,4128.0,184.0
2023,4131.0,158.0
2024,4134.0,167.0
2025,4136.0,170.0
2026,4138.0,174.0
2027,4139.0,193.0
2028,4140.0,186.0
2029,4143.0,170.0
2030,4146.0,157.0
2031,4148.0,143.0
2032,4150.0,137.0
2033,4151.0,0.0
2034,4153.0,0.0
2035,4155.0,0.0
2036,4156.0,0.0
2037,4159.0,0.0
2038,4160.0,0.0
2039,4162.0,323.0
2040,4164.0,347.0
2041,4165.0,375.0
2042,4166.0,292.0
2043,4169.0,244.0
2044,4172.0,235.0
2045,4174.0,231.0
2046,4177.0,222.0
2047,4178.0,219.0
2048,4181.0,219.0
2049,4184.0,212.0
2050,4185.0,212.0
2051,4188.0,222.0
2052,4189.0,228.0
2053,4192.0,211.0
2054,4195.0,203.0
2055,4196.0,198.0
2056,4198.0,193.0
2057,4199.0,187.0
2058,4202.0,187.0
2059,4204.0,194.0
2060,4207.0,181.0
2061,4210.0,176.0
2062,4211.0,171.0
2063,4213.0,176.0
2064,4214.0,181.0
2065,4215.0,179.0
2066,4218.0,177.0
2067,4221.0,175.0
2068,4222.0,194.0
2069,4225.0,198.0
2070,4228.0,189.0
2071,4231.0,196.0
2072,4234.0,196.0
2073,4235.0,206.0
2074,4238.0,216.0
2075,4241.0,227.0
2076,4243.0,206.0
2077,4245.0,197.0
2078,4248.0,196.0
2079,4249.0,188.0
2080,4252.0,205.0
2081,4255.0,185.0
2082,4256.0,207.0
2083,4259.0,212.0
2084,4260.0,208.0
2085,4263.0,213.0
2086,4264.0,192.0
2087,4267.0,170.0
2088,4269.0,176.0
2089,4272.0,185.0
2090,4273.0,189.0
2091,4274.0,200.0
2092,4275.0,196.0
2093,4276.0,195.0
2094,4278.0,188.0
2095,4280.0,184.0
2096,4281.0,169.0
2097,4282.0,185.0
2098,4283.0,193.0
2099,4284.0,177.0
2100,4286.0,185.0
2101,4288.0,186.0
2102,4289.0,200.0
2103,4291.0,201.0
2104,4294.0,205.0
2105,4295.0,185.0
2106,4298.0,179.0
2107,4301.0,192.0
2108,4304.0,199.0
2109,4305.0,202.0
2110,4307.0,197.0
2111,4309.0,213.0
2112,4310.0,221.0
2113,4312.0,211.0
2114,4313.0,201.0
2115,4315.0,222.0
2116,4317.0,191.0
2117,4318.0,207.0
2118,4321.0,202.0
2119,4324.0,200.0
2120,4326.0,211.0
2121,4328.0,206.0
2122,4331.0,205.0
2123,4334.0,211.0
2124,4336.0,208.0
2125,4338.0,184.0
2126,4340.0,196.0
2127,4341.0,195.0
2128,4344.0,197.0
2129,4346.0,212.0
2130,4347.0,208.0
2131,4350.0,221.0
2132,4352.0,227.0
2133,4354.0,217.0
2134,4356.0,199.0
2135,4357.0,196.0
2136,4359.0,204.0
2137,4361.0,198.0
2138,4362.0,204.0
2139,4364.0,194.0
2140,4365.0,203.0
2141,4367.0,200.0
2142,4368.0,192.0
2143,4371.0,189.0
2144,4373.0,191.0
2145,4375.0,195.0
2146,4376.0,208.0
2147,4379.0,201.0
2148,4381.0,195.0
2149,4384.0,211.0
2150,4385.0,229.0
2151,4387.0,233.0
2152,4388.0,230.0
2153,4391.0,214.0
2154,4393.0,214.0
2155,4395.0,205.0
2156,4397.0,228.0
2157,4398.0,216.0
2158,4399.0,213.0
2159,4402.0,216.0
2160,4404.0,220.0
2161,4407.0,195.0
2162,4408.0,197.0
2163,4409.0,211.0
2164,4410.0,189.0
2165,4412.0,181.0
2166,4415.0,186.0
2167,4416.0,209.0
2168,4417.0,237.0
2169,4419.0,248.0
2170,4421.0,226.0
2171,4423.0,224.0
2172,4424.0,199.0
2173,4427.0,194.0
2174,4429.0,175.0
2175,4430.0,175.0
2176,4433.0,175.0
2177,4436.0,175.0
2178,4438.0,173.0
2179,4439.0,176.0
2180,4440.0,177.0
2181,4443.0,186.0
2182,4446.0,183.0
2183,4448.0,192.0
2184,4451.0,209.0
2185,4452.0,200.0
2186,4455.0,186.0
2187,4456.0,177.0
2188,4458.0,179.0
2189,4460.0,146.0
2190,4461.0,146.0
2191,4462.0,0.0
2192,4464.0,0.0
2193,4467.0,0.0
2194,4469.0,0.0
2195,4470.0,0.0
2196,4473.0,0.0
2197,4476.0,0.0
2198,4479.0,0.0
2199,4480.0,0.0
2200,4481.0,0.0
2201,4482.0,0.0
2202,4484.0,0.0
2203,4486.0,0.0
2204,4488.0,0.0
2205,4490.0,0.0
2206,4492.0,0.0
2207,4493.0,0.0
2208,4513.0,0.0
2209,4516.0,0.0
2210,4518.0,0.0
2211,4519.0,304.0
2212,4520.0,353.0
2213,4523.0,350.0
2214,4524.0,390.0
2215,4526.0,272.0
2216,4528.0,221.0
2217,4530.0,198.0
2218,4531.0,217.0
2219,4532.0,199.0
2220,4534.0,56.0
2221,4535.0,56.0
2222,4538.0,58.0
2223,4540.0,247.0
2224,4543.0,218.0
2225,4544.0,196.0
2226,4545.0,201.0
2227,4546.0,190.0
2228,4548.0,42.0
2229,4550.0,42.0
2230,4553.0,240.0
2231,4556.0,217.0
2232,4559.0,0.0
2233,4562.0,0.0
2234,4565.0,0.0
2235,4567.0,0.0
2236,4569.0,0.0
2237,4570.0,173.0
2238,4571.0,331.0
2239,4573.0,275.0
2240,4576.0,253.0
2241,4578.0,255.0
2242,4581.0,226.0
2243,4584.0,226.0
2244,4585.0,215.0
2245,4587.0,207.0
2246,4590.0,210.0
2247,4591.0,221.0
2248,4594.0,218.0
2249,4596.0,204.0
2250,4598.0,214.0
2251,4599.0,216.0
2252,4602.0,210.0
2253,4605.0,206.0
2254,4606.0,206.0
2255,4607.0,201.0
2256,4608.0,196.0
2257,4609.0,204.0
2258,4611.0,208.0
2259,4612.0,209.0
2260,4613.0,198.0
2261,4614.0,183.0
2262,4617.0,191.0
2263,4618.0,187.0
2264,4620.0,176.0
2265,4622.0,175.0
2266,4625.0,185.0
2267,4628.0,197.0
2268,4631.0,203.0
2269,4632.0,190.0
2270,4635.0,191.0
2271,4637.0,190.0
2272,4639.0,171.0
2273,4642.0,174.0
2274,4645.0,159.0
2275,4647.0,163.0
2276,4648.0,165.0
2277,4650.0,157.0
2278,4652.0,157.0
2279,4654.0,144.0
2280,4657.0,142.0
2281,4659.0,135.0
2282,4661.0,156.0
2283,4662.0,193.0
2284,4664.0,55.0
2285,4665.0,56.0
2286,4667.0,212.0
2287,4669.0,212.0
2288,4670.0,188.0
2289,4671.0,190.0
2290,4674.0,191.0
2291,4676.0,199.0
2292,4677.0,200.0
2293,4678.0,195.0
2294,4681.0,209.0
2295,4684.0,186.0
2296,4686.0,178.0
2297,4688.0,183.0
2298,4691.0,192.0
2299,4693.0,198.0
2300,4694.0,194.0
2301,4697.0,192.0
2302,4698.0,180.0
2303,4699.0,171.0
2304,4701.0,173.0
2305,4704.0,179.0
2306,4706.0,180.0
2307,4708.0,175.0
2308,4710.0,184.0
2309,4713.0,186.0
2310,4714.0,211.0
2311,4717.0,227.0
2312,4719.0,197.0
2313,4720.0,214.0
2314,4723.0,220.0
2315,4724.0,219.0
2316,4726.0,223.0
2317,4729.0,233.0
2318,4731.0,218.0
2319,4734.0,205.0
2320,4735.0,217.0
2321,4736.0,204.0
2322,4738.0,206.0
2323,4741.0,211.0
2324,4743.0,202.0
2325,4744.0,206.0
2326,4746.0,212.0
2327,4747.0,207.0
2328,4750.0,200.0
2329,4752.0,210.0
2330,4755.0,215.0
2331,4758.0,216.0
2332,4761.0,213.0
2333,4764.0,214.0
2334,4766.0,232.0
2335,4769.0,200.0
2336,4772.0,0.0
2337,4775.0,0.0
2338,4777.0,0.0
2339,4778.0,0.0
2340,4779.0,0.0
2341,4781.0,0.0
2342,4784.0,0.0
2343,4787.0,0.0
2344,4790.0,0.0
2345,4791.0,0.0
2346,4793.0,0.0
2347,4796.0,0.0
2348,4799.0,0.0
2349,4800.0,0.0
2350,4849.0,0.0
2351,4852.0,0.0
2352,4855.0,0.0
2353,4858.0,268.0
2354,4860.0,274.0
2355,4862.0,286.0
2356,4863.0,283.0
2357,4864.0,272.0
2358,4865.0,266.0
2359,4867.0,317.0
2360,4870.0,256.0
2361,4873.0,256.0
2362,4875.0,256.0
2363,4878.0,221.0
2364,4879.0,220.0
2365,4882.0,229.0
2366,4885.0,218.0
2367,4886.0,216.0
2368,4887.0,216.0
2369,4889.0,224.0
2370,4890.0,213.0
2371,4892.0,181.0
2372,4893.0,161.0
2373,4896.0,0.0
2374,4898.0,0.0
2375,4901.0,0.0
2376,4903.0,0.0
2377,4906.0,0.0
2378,4909.0,0.0
2379,4911.0,0.0
2380,4913.0,0.0
2381,4916.0,121.0
2382,4919.0,292.0
2383,4922.0,293.0
2384,4923.0,296.0
2385,4925.0,263.0
2386,4926.0,263.0
2387,4929.0,235.0
2388,4932.0,238.0
2389,4934.0,247.0
2390,4936.0,271.0
2391,4937.0,242.0
2392,4938.0,220.0
2393,4940.0,200.0
2394,4942.0,183.0
2395,4943.0,188.0
2396,4945.0,181.0
2397,4946.0,181.0
2398,4948.0,201.0
2399,4950.0,201.0
2400,4951.0,213.0
2401,4953.0,233.0
2402,4955.0,256.0
2403,4956.0,242.0
2404,4957.0,223.0
2405,4959.0,207.0
2406,4961.0,202.0
2407,4963.0,190.0
2408,4965.0,190.0
2409,4966.0,189.0
2410,4967.0,186.0
2411,4970.0,191.0
2412,4971.0,206.0
2413,4974.0,197.0
2414,4977.0,185.0
2415,4980.0,192.0
2416,4983.0,205.0
2417,4986.0,205.0
2418,4989.0,205.0
2419,4990.0,205.0
2420,4991.0,212.0
2421,4992.0,221.0
2422,4993.0,197.0
2423,4996.0,199.0
2424,4997.0,208.0
2425,4999.0,205.0
2426,5000.0,205.0
2427,5003.0,214.0
2428,5004.0,206.0
2429,5007.0,213.0
2430,5009.0,216.0
2431,5012.0,220.0
2432,5015.0,212.0
2433,5017.0,212.0
2434,5018.0,215.0
2435,5020.0,217.0
2436,5023.0,199.0
2437,5025.0,201.0
2438,5026.0,206.0
2439,5028.0,207.0
2440,5031.0,213.0
2441,5032.0,219.0
2442,5035.0,201.0
2443,5037.0,204.0
2444,5040.0,220.0
2445,5042.0,210.0
2446,5043.0,213.0
2447,5046.0,203.0
2448,5048.0,197.0
2449,5051.0,194.0
2450,5052.0,217.0
2451,5054.0,208.0
2452,5057.0,200.0
2453,5060.0,200.0
2454,5062.0,194.0
2455,5064.0,202.0
2456,5065.0,198.0
2457,5068.0,201.0
2458,5070.0,201.0
2459,5073.0,190.0
2460,5076.0,190.0
2461,5079.0,175.0
2462,5080.0,197.0
2463,5082.0,197.0
2464,5083.0,215.0
2465,5086.0,215.0
2466,5087.0,212.0
2467,5089.0,203.0
2468,5091.0,175.0
2469,5094.0,160.0
2470,5095.0,174.0
2471,5097.0,190.0
2472,5099.0,211.0
2473,5100.0,211.0
2474,5101.0,190.0
2475,5102.0,180.0
2476,5104.0,173.0
2477,5105.0,164.0
2478,5106.0,165.0
2479,5108.0,175.0
2480,5111.0,175.0
2481,5114.0,248.0
2482,5116.0,215.0
2483,5117.0,215.0
2484,5120.0,201.0
2485,5123.0,216.0
2486,5125.0,210.0
2487,5128.0,202.0
2488,5130.0,201.0
2489,5133.0,217.0
2490,5134.0,220.0
2491,5136.0,210.0
2492,5138.0,215.0
2493,5140.0,202.0
2494,5143.0,204.0
2495,5145.0,200.0
2496,5148.0,204.0
2497,5149.0,207.0
2498,5151.0,212.0
2499,5154.0,208.0
2500,5156.0,209.0
2501,5157.0,214.0
2502,5158.0,199.0
2503,5160.0,178.0
2504,5161.0,190.0
2505,5164.0,203.0
2506,5165.0,197.0
2507,5167.0,197.0
2508,5169.0,177.0
2509,5171.0,185.0
2510,5173.0,209.0
2511,5174.0,209.0
2512,5175.0,0.0
2513,5177.0,0.0
2514,5180.0,0.0
2515,5182.0,0.0
2516,5183.0,209.0
2517,5185.0,262.0
2518,5187.0,222.0
2519,5188.0,223.0
2520,5191.0,211.0
2521,5194.0,189.0
2522,5195.0,186.0
2523,5196.0,198.0
2524,5197.0,205.0
2525,5200.0,204.0
2526,5202.0,192.0
2527,5204.0,185.0
2528,5205.0,178.0
2529,5208.0,169.0
2530,5211.0,188.0
2531,5213.0,188.0
2532,5214.0,213.0
2533,5216.0,234.0
2534,5218.0,236.0
2535,5220.0,236.0
2536,5222.0,234.0
2537,5224.0,222.0
2538,5227.0,202.0
2539,5230.0,192.0
2540,5233.0,215.0
2541,5234.0,203.0
2542,5236.0,222.0
2543,5239.0,218.0
2544,5242.0,214.0
2545,5243.0,192.0
2546,5244.0,86.0
2547,5247.0,86.0
2548,5248.0,87.0
2549,5249.0,268.0
2550,5252.0,251.0
2551,5254.0,247.0
2552,5256.0,240.0
2553,5257.0,225.0
2554,5260.0,219.0
2555,5261.0,223.0
2556,5264.0,204.0
2557,5266.0,199.0
2558,5269.0,204.0
2559,5272.0,204.0
2560,5274.0,190.0
2561,5276.0,195.0
2562,5279.0,212.0
2563,5280.0,235.0
2564,5282.0,212.0
2565,5283.0,227.0
2566,5286.0,228.0
2567,5288.0,223.0
2568,5289.0,225.0
2569,5292.0,217.0
2570,5293.0,220.0
2571,5294.0,233.0
2572,5297.0,234.0
2573,5298.0,197.0
2574,5300.0,197.0
2575,5303.0,198.0
2576,5305.0,200.0
2577,5307.0,200.0
2578,5309.0,222.0
2579,5312.0,232.0
2580,5313.0,250.0
2581,5314.0,229.0
2582,5317.0,211.0
2583,5319.0,197.0
2584,5322.0,194.0
2585,5323.0,206.0
2586,5324.0,201.0
2587,5327.0,227.0
2588,5328.0,234.0
2589,5330.0,234.0
2590,5333.0,221.0
2591,5334.0,221.0
2592,5337.0,256.0
2593,5340.0,238.0
2594,5341.0,216.0
2595,5344.0,206.0
2596,5347.0,193.0
2597,5350.0,0.0
2598,5351.0,0.0
2599,5352.0,0.0
2600,5353.0,0.0
2601,5355.0,168.0
2602,5357.0,222.0
2603,5359.0,198.0
2604,5362.0,201.0
2605,5364.0,219.0
2606,5366.0,186.0
2607,5369.0,0.0
2608,5372.0,0.0
2609,5373.0,0.0
2610,5374.0,0.0
2611,5376.0,0.0
2612,5378.0,0.0
2613,5380.0,0.0
2614,5382.0,0.0
2615,5383.0,226.0
2616,5386.0,279.0
2617,5387.0,278.0
2618,5390.0,215.0
2619,5393.0,0.0
2620,5395.0,0.0
2621,5397.0,0.0
2622,5399.0,0.0
2623,5402.0,0.0
2624,5405.0,0.0
2625,5408.0,0.0
2626,5410.0,0.0
2627,5413.0,0.0
2628,5415.0,0.0
2629,5416.0,109.0
2630,5418.0,321.0
2631,5421.0,337.0
2632,5423.0,364.0
2633,5424.0,382.0
2634,5425.0,386.0
2635,5426.0,355.0
2636,5427.0,355.0
2637,5428.0,269.0
2638,5429.0,241.0
2639,5432.0,256.0
2640,5435.0,255.0
2641,5438.0,255.0
2642,5439.0,245.0
2643,5442.0,238.0
2644,5445.0,239.0
2645,5446.0,239.0
2646,5447.0,245.0
2647,5448.0,241.0
2648,5451.0,231.0
2649,5453.0,231.0
2650,5455.0,229.0
2651,5457.0,242.0
2652,5460.0,240.0
2653,5461.0,241.0
2654,5464.0,214.0
2655,5465.0,228.0
2656,5466.0,224.0
2657,5467.0,211.0
2658,5468.0,226.0
2659,5469.0,245.0
2660,5471.0,256.0
2661,5473.0,221.0
2662,5476.0,206.0
2663,5479.0,190.0
2664,5480.0,119.0
2665,5483.0,119.0
2666,5486.0,221.0
2667,5488.0,219.0
2668,5491.0,215.0
2669,5492.0,229.0
2670,5494.0,207.0
2671,5497.0,196.0
2672,5499.0,195.0
2673,5502.0,200.0
2674,5504.0,173.0
2675,5505.0,190.0
2676,5507.0,183.0
2677,5508.0,191.0
2678,5511.0,191.0
2679,5513.0,210.0
2680,5516.0,218.0
2681,5519.0,222.0
2682,5522.0,222.0
2683,5524.0,216.0
2684,5526.0,216.0
2685,5528.0,218.0
2686,5529.0,207.0
2687,5531.0,211.0
2688,5534.0,216.0
2689,5536.0,208.0
2690,5537.0,208.0
2691,5538.0,212.0
2692,5541.0,222.0
2693,5542.0,234.0
2694,5545.0,225.0
2695,5548.0,225.0
2696,5550.0,204.0
2697,5551.0,212.0
2698,5552.0,207.0
2699,5554.0,209.0
2700,5557.0,222.0
2701,5558.0,211.0
2702,5561.0,218.0
2703,5562.0,219.0
2704,5563.0,226.0
2705,5565.0,229.0
2706,5566.0,225.0
2707,5569.0,223.0
2708,5571.0,215.0
2709,5574.0,211.0
2710,5575.0,194.0
2711,5577.0,194.0
2712,5578.0,188.0
2713,5580.0,193.0
2714,5582.0,193.0
2715,5585.0,195.0
2716,5588.0,192.0
2717,5591.0,195.0
2718,5594.0,227.0
2719,5597.0,227.0
2720,5600.0,212.0
2721,5603.0,226.0
2722,5605.0,210.0
2723,5606.0,208.0
2724,5607.0,211.0
2725,5610.0,216.0
2726,5613.0,223.0
2727,5615.0,219.0
2728,5616.0,225.0
2729,5618.0,224.0
2730,5621.0,213.0
2731,5623.0,215.0
2732,5625.0,195.0
2733,5626.0,208.0
2734,5627.0,209.0
2735,5629.0,199.0
2736,5630.0,192.0
2737,5633.0,182.0
2738,5634.0,172.0
2739,5635.0,182.0
2740,5637.0,179.0
2741,5638.0,188.0
2742,5640.0,207.0
2743,5642.0,218.0
2744,5645.0,220.0
2745,5648.0,210.0
2746,5649.0,195.0
2747,5652.0,203.0
2748,5655.0,200.0
2749,5656.0,197.0
2750,5657.0,203.0
2751,5660.0,216.0
2752,5661.0,230.0
2753,5662.0,214.0
2754,5663.0,199.0
2755,5665.0,193.0
2756,5667.0,187.0
2757,5670.0,203.0
2758,5672.0,212.0
2759,5673.0,203.0
2760,5676.0,179.0
2761,5679.0,166.0
2762,5680.0,165.0
2763,5682.0,224.0
2764,5683.0,224.0
2765,5684.0,221.0
2766,5687.0,212.0
2767,5690.0,208.0
2768,5692.0,214.0
2769,5695.0,221.0
2770,5698.0,219.0
2771,5699.0,220.0
2772,5701.0,214.0
2773,5702.0,266.0
2774,5704.0,266.0
2775,5705.0,299.0
2776,5706.0,291.0
2777,5707.0,257.0
2778,5710.0,211.0
2779,5712.0,202.0
2780,5714.0,203.0
2781,5717.0,208.0
2782,5720.0,208.0
2783,5722.0,207.0
2784,5723.0,202.0
2785,5724.0,193.0
2786,5725.0,194.0
2787,5726.0,189.0
2788,5727.0,190.0
2789,5728.0,192.0
2790,5731.0,196.0
2791,5732.0,196.0
2792,5735.0,193.0
2793,5738.0,207.0
2794,5739.0,194.0
2795,5742.0,197.0
2796,5744.0,206.0
2797,5746.0,206.0
2798,5748.0,190.0
2799,5751.0,193.0
2800,5754.0,192.0
2801,5755.0,184.0
2802,5756.0,196.0
2803,5757.0,210.0
2804,5759.0,208.0
2805,5760.0,199.0
2806,5761.0,207.0
2807,5762.0,194.0
2808,5765.0,213.0
2809,5766.0,208.0
2810,5769.0,217.0
2811,5772.0,213.0
2812,5774.0,237.0
2813,5776.0,226.0
2814,5777.0,232.0
2815,5778.0,242.0
2816,5780.0,259.0
2817,5783.0,243.0
2818,5786.0,232.0
2819,5789.0,239.0
2820,5791.0,209.0
2821,5794.0,215.0
2822,5797.0,215.0
2823,5798.0,226.0
2824,5800.0,211.0
2825,5801.0,215.0
2826,5802.0,226.0
2827,5805.0,218.0
2828,5807.0,209.0
2829,5810.0,216.0
2830,5813.0,219.0
2831,5815.0,221.0
2832,5816.0,210.0
2833,5819.0,206.0
2834,5820.0,205.0
2835,5822.0,192.0
2836,5825.0,198.0
2837,5827.0,196.0
2838,5828.0,195.0
2839,5830.0,202.0
2840,5831.0,202.0
2841,5834.0,210.0
2842,5837.0,200.0
2843,5840.0,219.0
2844,5843.0,192.0
2845,5846.0,194.0
2846,5848.0,230.0
2847,5851.0,242.0
2848,5853.0,261.0
2849,5854.0,254.0
2850,5855.0,280.0
2851,5856.0,268.0
2852,5858.0,263.0
2853,5860.0,262.0
2854,5862.0,255.0
2855,5863.0,254.0
2856,5866.0,262.0
2857,5867.0,259.0
2858,5870.0,264.0
2859,5872.0,249.0
2860,5874.0,269.0
2861,5876.0,263.0
2862,5879.0,282.0
2863,5882.0,57.0
2864,5885.0,58.0
2865,5887.0,211.0
2866,5888.0,213.0
2867,5889.0,222.0
2868,5892.0,226.0
2869,5893.0,218.0
2870,5896.0,218.0
2871,5897.0,249.0
2872,5900.0,238.0
2873,5902.0,215.0
2874,5903.0,216.0
2875,5906.0,195.0
2876,5907.0,192.0
2877,5910.0,190.0
2878,5911.0,175.0
2879,5914.0,183.0
2880,5915.0,156.0
2881,5918.0,176.0
2882,5920.0,176.0
2883,5922.0,161.0
2884,5925.0,141.0
2885,5926.0,0.0
2886,5929.0,0.0
2887,5931.0,0.0
2888,5934.0,0.0
2889,5935.0,0.0
2890,5938.0,0.0
2891,5941.0,211.0
2892,5944.0,231.0
2893,5947.0,197.0
2894,5948.0,196.0
2895,5949.0,167.0
2896,5951.0,133.0
2897,5953.0,0.0
2898,5954.0,0.0
2899,5955.0,0.0
2900,5956.0,0.0
2901,5957.0,0.0
2902,5958.0,0.0
2903,5960.0,0.0
2904,5963.0,0.0
2905,5964.0,128.0
2906,5967.0,0.0
2907,5968.0,0.0
2908,5970.0,0.0
2909,5972.0,0.0
2910,5975.0,0.0
2911,5976.0,0.0
2912,5979.0,0.0
2913,5981.0,0.0
2914,5982.0,0.0
2915,5983.0,0.0
2916,5984.0,0.0
2917,5985.0,0.0
2918,5986.0,0.0
2919,5988.0,0.0
2920,5990.0,0.0
2921,6000.0,0.0
2922,6001.0,144.0
2923,6003.0,507.0
2924,6004.0,551.0
2925,6007.0,780.0
2926,6009.0,538.0
2927,6011.0,493.0
2928,6013.0,614.0
2929,6015.0,669.0
2930,6017.0,660.0
2931,6019.0,620.0
2932,6021.0,592.0
2933,6023.0,609.0
2934,6026.0,638.0
2935,6028.0,529.0
2936,6031.0,529.0
2937,6033.0,468.0
2938,6036.0,417.0
2939,6038.0,252.0
2940,6040.0,215.0
2941,6042.0,242.0
2942,6044.0,245.0
2943,6046.0,209.0
2944,6047.0,219.0
2945,6049.0,213.0
2946,6051.0,218.0
2947,6054.0,220.0
2948,6056.0,222.0
2949,6057.0,221.0
2950,6060.0,216.0
2951,6061.0,216.0
2952,6064.0,212.0
2953,6066.0,235.0
2954,6069.0,207.0
2955,6070.0,187.0
2956,6073.0,194.0
2957,6074.0,199.0
2958,6076.0,192.0
2959,6079.0,186.0
2960,6080.0,181.0
2961,6082.0,179.0
2962,6085.0,170.0
2963,6087.0,165.0
2964,6089.0,151.0
2965,6092.0,161.0
2966,6093.0,153.0
2967,6094.0,140.0
2968,6097.0,111.0
2969,6098.0,124.0
2970,6099.0,149.0
2971,6100.0,144.0
2972,6102.0,158.0
2973,6104.0,143.0
2974,6107.0,141.0
2975,6110.0,140.0
2976,6111.0,135.0
2977,6112.0,136.0
2978,6115.0,138.0
2979,6116.0,158.0
2980,6117.0,155.0
2981,6118.0,167.0
2982,6120.0,179.0
2983,6122.0,175.0
2984,6123.0,170.0
2985,6124.0,173.0
2986,6126.0,163.0
2987,6127.0,148.0
2988,6128.0,126.0
2989,6130.0,131.0
2990,6132.0,128.0
2991,6133.0,121.0
2992,6136.0,115.0
2993,6137.0,97.0
2994,6138.0,0.0
2995,6139.0,0.0
2996,6142.0,0.0
2997,6143.0,0.0
2998,6144.0,0.0
2999,6145.0,0.0
3000,6147.0,0.0
3001,6149.0,0.0
3002,6150.0,85.0
3003,6152.0,144.0
3004,6155.0,158.0
3005,6157.0,158.0
3006,6158.0,166.0
3007,6161.0,162.0
3008,6163.0,225.0
3009,6165.0,254.0
3010,6168.0,0.0
3011,6169.0,0.0
3012,6170.0,0.0
3013,6173.0,0.0
3014,6175.0,0.0
3015,6178.0,0.0
3016,6181.0,211.0
3017,6184.0,446.0
3018,6185.0,419.0
3019,6186.0,447.0
3020,6188.0,316.0
3021,6189.0,250.0
3022,6191.0,242.0
3023,6192.0,236.0
3024,6195.0,231.0
3025,6197.0,223.0
3026,6200.0,218.0
3027,6202.0,235.0
3028,6205.0,228.0
3029,6207.0,210.0
3030,6209.0,217.0
3031,6210.0,210.0
3032,6213.0,204.0
3033,6216.0,201.0
3034,6218.0,206.0
3035,6221.0,200.0
3036,6222.0,192.0
3037,6225.0,209.0
3038,6226.0,189.0
3039,6228.0,179.0
3040,6229.0,171.0
3041,6230.0,171.0
3042,6233.0,166.0
3043,6234.0,110.0
3044,6235.0,111.0
3045,6238.0,214.0
3046,6240.0,179.0
3047,6241.0,35.0
3048,6243.0,36.0
3049,6246.0,196.0
3050,6248.0,164.0
3051,6250.0,142.0
3052,6251.0,151.0
3053,6253.0,135.0
3054,6254.0,138.0
3055,6255.0,34.0
3056,6258.0,34.0
3057,6260.0,35.0
3058,6262.0,199.0
3059,6265.0,195.0
3060,6267.0,208.0
3061,6268.0,221.0
3062,6271.0,225.0
3063,6273.0,203.0
3064,6275.0,176.0
3065,6278.0,186.0
3066,6279.0,189.0
3067,6281.0,175.0
3068,6282.0,198.0
3069,6285.0,184.0
3070,6287.0,191.0
3071,6290.0,205.0
3072,6293.0,203.0
3073,6294.0,208.0
3074,6297.0,207.0
3075,6298.0,203.0
3076,6299.0,192.0
3077,6302.0,125.0
3078,6303.0,19.0
3079,6304.0,161.0
3080,6306.0,188.0
3081,6309.0,207.0
3082,6311.0,217.0
3083,6312.0,217.0
3084,6313.0,226.0
3085,6314.0,246.0
3086,6317.0,239.0
3087,6320.0,235.0
3088,6323.0,233.0
3089,6325.0,219.0
3090,6328.0,217.0
3091,6331.0,238.0
3092,6333.0,221.0
3093,6336.0,195.0
3094,6337.0,200.0
3095,6340.0,207.0
3096,6343.0,228.0
3097,6344.0,213.0
3098,6345.0,214.0
3099,6348.0,230.0
3100,6351.0,210.0
3101,6353.0,229.0
3102,6355.0,222.0
3103,6357.0,229.0
3104,6359.0,217.0
3105,6362.0,214.0
3106,6365.0,211.0
3107,6368.0,216.0
3108,6369.0,198.0
3109,6372.0,203.0
3110,6375.0,197.0
3111,6377.0,207.0
3112,6380.0,208.0
3113,6382.0,223.0
3114,6385.0,208.0
3115,6387.0,203.0
3116,6390.0,187.0
3117,6392.0,187.0
3118,6395.0,179.0
3119,6398.0,179.0
3120,6401.0,196.0
3121,6403.0,174.0
3122,6405.0,152.0
3123,6406.0,142.0
3124,6408.0,136.0
3125,6409.0,141.0
3126,6412.0,128.0
3127,6413.0,97.0
3128,6415.0,60.0
3129,6417.0,60.0
3130,6419.0,61.0
3131,6422.0,193.0
3132,6423.0,207.0
3133,6426.0,232.0
3134,6428.0,230.0
3135,6429.0,219.0
3136,6430.0,213.0
3137,6432.0,211.0
3138,6433.0,214.0
3139,6436.0,207.0
3140,6437.0,212.0
3141,6439.0,215.0
3142,6441.0,209.0
3143,6442.0,205.0
3144,6443.0,210.0
3145,6446.0,216.0
3146,6448.0,216.0
3147,6450.0,208.0
3148,6451.0,201.0
3149,6454.0,190.0
3150,6457.0,188.0
3151,6460.0,189.0
3152,6463.0,201.0
3153,6466.0,202.0
3154,6467.0,229.0
3155,6470.0,220.0
3156,6473.0,210.0
3157,6475.0,210.0
3158,6478.0,208.0
3159,6479.0,200.0
3160,6480.0,192.0
3161,6482.0,195.0
3162,6485.0,215.0
3163,6488.0,199.0
3164,6491.0,223.0
3165,6494.0,224.0
3166,6497.0,205.0
3167,6500.0,209.0
3168,6501.0,216.0
3169,6502.0,203.0
3170,6503.0,189.0
3171,6504.0,205.0
3172,6506.0,189.0
3173,6508.0,186.0
3174,6510.0,190.0
3175,6511.0,204.0
3176,6513.0,206.0
3177,6515.0,187.0
3178,6516.0,212.0
3179,6518.0,204.0
3180,6519.0,200.0
3181,6520.0,193.0
3182,6522.0,195.0
3183,6524.0,196.0
3184,6526.0,203.0
3185,6527.0,203.0
3186,6529.0,201.0
3187,6532.0,198.0
3188,6533.0,200.0
3189,6534.0,192.0
3190,6537.0,180.0
3191,6539.0,182.0
3192,6540.0,176.0
3193,6541.0,180.0
3194,6543.0,172.0
3195,6546.0,171.0
3196,6548.0,182.0
3197,6551.0,159.0
3198,6553.0,162.0
3199,6555.0,155.0
3200,6558.0,146.0
3201,6559.0,141.0
3202,6560.0,157.0
3203,6563.0,161.0
3204,6564.0,154.0
3205,6565.0,157.0
3206,6566.0,159.0
3207,6569.0,172.0
3208,6570.0,174.0
3209,6572.0,185.0
3210,6575.0,209.0
3211,6576.0,214.0
3212,6579.0,218.0
3213,6582.0,248.0
3214,6583.0,279.0
3215,6584.0,292.0
3216,6586.0,294.0
3217,6589.0,277.0
3218,6591.0,270.0
3219,6592.0,314.0
3220,6594.0,305.0
3221,6597.0,297.0
3222,6598.0,54.0
3223,6601.0,54.0
3224,6602.0,54.0
3225,6604.0,131.0
3226,6607.0,110.0
3227,6610.0,0.0
3228,6613.0,0.0
3229,6614.0,0.0
3230,6615.0,0.0
3231,6616.0,0.0
3232,6618.0,0.0
3233,6619.0,166.0
3234,6621.0,342.0
3235,6622.0,319.0
3236,6623.0,262.0
3237,6626.0,237.0
3238,6629.0,224.0
3239,6631.0,215.0
3240,6634.0,0.0
3241,6637.0,0.0
3242,6640.0,0.0
3243,6641.0,0.0
3244,6642.0,0.0
3245,6643.0,250.0
3246,6646.0,228.0
3247,6649.0,236.0
3248,6652.0,211.0
3249,6655.0,209.0
3250,6658.0,0.0
3251,6661.0,0.0
3252,6663.0,0.0
3253,6665.0,221.0
3254,6668.0,290.0
3255,6670.0,247.0
3256,6671.0,259.0
3257,6673.0,219.0
3258,6674.0,205.0
3259,6676.0,195.0
3260,6678.0,178.0
3261,6681.0,157.0
3262,6683.0,160.0
3263,6684.0,180.0
3264,6687.0,200.0
3265,6688.0,220.0
3266,6690.0,226.0
3267,6693.0,238.0
3268,6695.0,222.0
3269,6696.0,228.0
3270,6697.0,224.0
3271,6700.0,205.0
3272,6701.0,217.0
3273,6703.0,243.0
3274,6705.0,256.0
3275,6708.0,237.0
3276,6711.0,232.0
3277,6712.0,288.0
3278,6714.0,301.0
3279,6717.0,269.0
3280,6718.0,276.0
3281,6719.0,306.0
3282,6720.0,327.0
3283,6723.0,292.0
3284,6725.0,356.0
3285,6728.0,332.0
3286,6730.0,307.0
3287,6732.0,319.0
3288,6733.0,338.0
3289,6734.0,377.0
3290,6735.0,400.0
3291,6738.0,437.0
3292,6741.0,485.0
3293,6742.0,555.0
3294,6744.0,523.0
3295,6747.0,551.0
3296,6748.0,570.0
3297,6750.0,561.0
3298,6753.0,533.0
3299,6754.0,508.0
3300,6755.0,482.0
3301,6756.0,491.0
3302,6759.0,394.0
3303,6761.0,449.0
3304,6763.0,413.0
3305,6764.0,457.0
3306,6767.0,365.0
3307,6770.0,411.0
3308,6773.0,398.0
3309,6776.0,433.0
3310,6777.0,455.0
3311,6778.0,434.0
3312,6779.0,455.0
3313,6781.0,468.0
3314,6784.0,489.0
3315,6785.0,454.0
3316,6786.0,484.0
3317,6789.0,484.0
3318,6792.0,519.0
3319,6795.0,498.0
3320,6797.0,498.0
3321,6798.0,572.0
3322,6800.0,586.0
3323,6801.0,605.0
3324,6803.0,561.0
3325,6804.0,539.0
3326,6806.0,511.0
3327,6807.0,443.0
3328,6810.0,458.0
3329,6811.0,443.0
3330,6812.0,406.0
3331,6815.0,449.0
3332,6817.0,426.0
3333,6819.0,0.0
3334,6821.0,0.0
3335,6822.0,0.0
3336,6823.0,0.0
3337,6825.0,488.0
3338,6827.0,483.0
3339,6828.0,368.0
3340,6831.0,205.0
3341,6833.0,0.0
3342,6835.0,0.0
3343,6837.0,0.0
3344,6840.0,150.0
3345,6841.0,505.0
3346,6843.0,563.0
3347,6844.0,601.0
3348,6846.0,606.0
3349,6848.0,583.0
3350,6849.0,573.0
3351,6851.0,585.0
3352,6852.0,605.0
3353,6853.0,576.0
3354,6854.0,603.0
3355,6857.0,609.0
3356,6859.0,598.0
3357,6861.0,559.0
3358,6862.0,562.0
3359,6865.0,535.0
3360,6868.0,527.0
3361,6869.0,546.0
3362,6872.0,600.0
3363,6874.0,619.0
3364,6875.0,611.0
3365,6877.0,573.0
3366,6879.0,584.0
3367,6882.0,578.0
3368,6883.0,546.0
3369,6884.0,568.0
3370,6887.0,629.0
3371,6888.0,603.0
3372,6891.0,582.0
3373,6894.0,577.0
3374,6895.0,562.0
3375,6897.0,531.0
3376,6898.0,531.0
3377,6900.0,559.0
3378,6902.0,537.0
3379,6905.0,519.0
3380,6907.0,538.0
3381,6910.0,526.0
3382,6912.0,523.0
3383,6915.0,528.0
3384,6916.0,515.0
3385,6917.0,620.0
3386,6918.0,696.0
3387,6920.0,690.0
3388,6922.0,471.0
3389,6923.0,497.0
3390,6925.0,508.0
3391,6928.0,484.0
3392,6929.0,470.0
3393,6932.0,483.0
3394,6933.0,446.0
3395,6934.0,401.0
3396,6937.0,426.0
3397,6938.0,358.0
3398,6940.0,271.0
3399,6941.0,191.0
3400,6944.0,113.0
3401,6946.0,170.0
3402,6947.0,161.0
3403,6949.0,121.0
3404,6951.0,120.0
3405,6953.0,0.0
3406,6954.0,0.0
3407,6955.0,0.0
3408,6958.0,0.0
3409,6961.0,0.0
3410,6962.0,0.0
3411,6963.0,0.0
3412,6966.0,0.0
3413,6967.0,0.0
3414,6969.0,20.0
3415,6971.0,40.0
3416,6974.0,40.0
3417,6976.0,43.0
3418,6977.0,0.0
3419,6978.0,0.0
3420,6981.0,0.0
3421,6983.0,0.0
3422,6984.0,65.0
3423,6986.0,150.0
3424,6988.0,157.0
3425,6991.0,136.0
3426,6993.0,129.0
3427,6996.0,114.0
3428,6999.0,101.0
3429,7000.0,94.0
3430,7002.0,95.0
3431,7005.0,94.0
3432,7006.0,96.0
3433,7008.0,99.0
3434,7009.0,95.0
3435,7012.0,92.0
3436,7015.0,108.0
3437,7017.0,107.0
3438,7020.0,105.0
3439,7022.0,104.0
3440,7023.0,109.0
3441,7026.0,110.0
3442,7028.0,106.0
3443,7031.0,111.0
3444,7032.0,120.0
3445,7033.0,128.0
3446,7036.0,116.0
3447,7037.0,97.0
3448,7038.0,96.0
3449,7040.0,87.0
3450,7042.0,85.0
3451,7044.0,86.0
3452,7045.0,93.0
3453,7046.0,91.0
3454,7049.0,90.0
3455,7051.0,118.0
3456,7052.0,39.0
3457,7054.0,40.0
3458,7057.0,143.0
3459,7059.0,158.0
3460,7062.0,157.0
3461,7064.0,153.0
3462,7067.0,149.0
3463,7070.0,152.0
3464,7073.0,149.0
3465,7074.0,140.0
3466,7076.0,137.0
3467,7078.0,138.0
3468,7081.0,149.0
3469,7084.0,153.0
3470,7087.0,141.0
3471,7090.0,141.0
3472,7092.0,152.0
3473,7093.0,147.0
3474,7094.0,155.0
3475,7097.0,162.0
3476,7098.0,164.0
3477,7099.0,167.0
3478,7102.0,167.0
3479,7103.0,163.0
3480,7105.0,155.0
3481,7107.0,150.0
3482,7109.0,139.0
3483,7111.0,155.0
3484,7113.0,157.0
3485,7115.0,149.0
3486,7117.0,155.0
3487,7119.0,142.0
3488,7121.0,131.0
3489,7123.0,141.0
3490,7124.0,147.0
3491,7126.0,143.0
3492,7128.0,129.0
3493,7130.0,136.0
3494,7131.0,138.0
3495,7133.0,148.0
3496,7134.0,157.0
3497,7136.0,160.0
3498,7137.0,162.0
3499,7139.0,186.0
3500,7140.0,192.0
3501,7142.0,181.0
3502,7144.0,183.0
3503,7146.0,181.0
3504,7147.0,166.0
3505,7148.0,163.0
3506,7150.0,173.0
3507,7152.0,176.0
3508,7154.0,173.0
3509,7156.0,161.0
3510,7158.0,155.0
3511,7161.0,146.0
3512,7162.0,151.0
3513,7165.0,151.0
3514,7167.0,153.0
3515,7169.0,154.0
3516,7171.0,149.0
3517,7172.0,166.0
3518,7173.0,165.0
3519,7174.0,173.0
3520,7175.0,173.0
3521,7178.0,166.0
3522,7179.0,157.0
3523,7180.0,152.0
3524,7181.0,143.0
3525,7184.0,143.0
3526,7187.0,154.0
3527,7189.0,148.0
3528,7191.0,150.0
3529,7193.0,149.0
3530,7194.0,152.0
3531,7196.0,137.0
3532,7199.0,143.0
3533,7201.0,139.0
3534,7202.0,139.0
3535,7204.0,146.0
3536,7207.0,151.0
3537,7208.0,153.0
3538,7211.0,146.0
3539,7213.0,146.0
3540,7216.0,136.0
3541,7218.0,142.0
3542,7221.0,154.0
3543,7222.0,160.0
3544,7224.0,157.0
3545,7226.0,160.0
3546,7229.0,161.0
3547,7231.0,158.0
3548,7234.0,153.0
3549,7236.0,158.0
3550,7239.0,163.0
3551,7240.0,167.0
3552,7242.0,179.0
3553,7245.0,170.0
3554,7247.0,170.0
3555,7249.0,167.0
3556,7251.0,167.0
3557,7254.0,189.0
3558,7257.0,175.0
3559,7258.0,173.0
3560,7260.0,174.0
3561,7262.0,165.0
3562,7264.0,165.0
3563,7265.0,171.0
3564,7267.0,176.0
3565,7268.0,163.0
3566,7269.0,166.0
3567,7272.0,155.0
3568,7275.0,179.0
3569,7277.0,182.0
3570,7280.0,85.0
3571,7282.0,85.0
3572,7284.0,200.0
3573,7286.0,194.0
3574,7288.0,194.0
3575,7289.0,178.0
3576,7292.0,175.0
3577,7294.0,166.0
3578,7296.0,163.0
3579,7297.0,195.0
3580,7300.0,197.0
3581,7302.0,189.0
3582,7305.0,173.0
3583,7306.0,176.0
3584,7308.0,174.0
3585,7311.0,174.0
3586,7314.0,165.0
3587,7316.0,160.0
3588,7318.0,157.0
3589,7321.0,162.0
3590,7324.0,161.0
3591,7325.0,159.0
3592,7328.0,152.0
3593,7330.0,125.0
3594,7332.0,66.0
3595,7334.0,66.0
3596,7337.0,68.0
3597,7339.0,206.0
3598,7341.0,193.0
3599,7342.0,195.0
3600,7345.0,187.0
3601,7346.0,182.0
3602,7349.0,176.0
3603,7350.0,180.0
3604,7351.0,169.0
3605,7352.0,184.0
3606,7353.0,170.0
3607,7354.0,166.0
3608,7357.0,163.0
3609,7360.0,166.0
3610,7362.0,169.0
3611,7365.0,181.0
3612,7366.0,161.0
3613,7367.0,165.0
3614,7368.0,180.0
3615,7369.0,174.0
3616,7370.0,155.0
3617,7371.0,151.0
3618,7373.0,157.0
3619,7374.0,163.0
3620,7376.0,178.0
3621,7378.0,169.0
3622,7381.0,159.0
3623,7383.0,157.0
3624,7385.0,148.0
3625,7387.0,154.0
3626,7389.0,145.0
3627,7391.0,156.0
3628,7392.0,162.0
3629,7393.0,151.0
3630,7396.0,155.0
3631,7398.0,162.0
3632,7401.0,138.0
3633,7403.0,138.0
3634,7404.0,137.0
3635,7407.0,153.0
3636,7410.0,160.0
3637,7411.0,147.0
3638,7414.0,149.0
3639,7416.0,139.0
3640,7417.0,150.0
3641,7420.0,161.0
3642,7421.0,162.0
3643,7424.0,154.0
3644,7425.0,161.0
3645,7426.0,164.0
3646,7428.0,161.0
3647,7429.0,165.0
3648,7432.0,164.0
3649,7435.0,152.0
3650,7438.0,180.0
3651,7441.0,221.0
3652,7443.0,192.0
3653,7446.0,204.0
3654,7449.0,212.0
3655,7450.0,212.0
3656,7451.0,213.0
3657,7454.0,211.0
3658,7457.0,217.0
3659,7458.0,229.0
3660,7461.0,229.0
3661,7463.0,227.0
3662,7466.0,210.0
3663,7467.0,95.0
3664,7469.0,0.0
3665,7470.0,0.0
3666,7472.0,0.0
3667,7475.0,0.0
3668,7478.0,0.0
3669,7479.0,0.0
3670,7482.0,0.0
3671,7485.0,0.0
3672,7487.0,0.0
3673,7490.0,0.0
3674,7493.0,0.0
3675,7494.0,0.0
3676,7497.0,0.0
3677,7500.0,0.0
3678,7502.0,184.0
3679,7505.0,284.0
3680,7507.0,316.0
3681,7509.0,311.0
3682,7511.0,309.0
3683,7513.0,290.0
3684,7516.0,62.0
3685,7519.0,62.0
3686,7520.0,224.0
3687,7523.0,197.0
3688,7524.0,191.0
3689,7526.0,215.0
3690,7528.0,201.0
3691,7530.0,205.0
3692,7531.0,197.0
3693,7534.0,201.0
3694,7536.0,201.0
3695,7539.0,209.0
3696,7541.0,191.0
3697,7544.0,197.0
3698,7545.0,179.0
3699,7547.0,185.0
3700,7549.0,193.0
3701,7550.0,182.0
3702,7551.0,183.0
3703,7554.0,188.0
3704,7557.0,178.0
3705,7558.0,176.0
3706,7559.0,171.0
3707,7560.0,162.0
3708,7561.0,160.0
3709,7563.0,153.0
3710,7564.0,161.0
3711,7565.0,168.0
3712,7568.0,156.0
3713,7569.0,174.0
3714,7570.0,182.0
3715,7571.0,179.0
3716,7572.0,158.0
3717,7573.0,168.0
3718,7575.0,178.0
3719,7578.0,183.0
3720,7579.0,184.0
3721,7580.0,177.0
3722,7582.0,173.0
3723,7585.0,158.0
3724,7586.0,154.0
3725,7589.0,145.0
3726,7590.0,146.0
3727,7593.0,152.0
3728,7594.0,152.0
3729,7597.0,134.0
3730,7599.0,147.0
3731,7601.0,142.0
3732,7604.0,169.0
3733,7607.0,180.0
3734,7608.0,162.0
3735,7611.0,165.0
3736,7614.0,164.0
3737,7617.0,163.0
3738,7619.0,164.0
3739,7622.0,147.0
3740,7623.0,159.0
3741,7624.0,154.0
3742,7625.0,151.0
3743,7626.0,152.0
3744,7628.0,147.0
3745,7630.0,136.0
3746,7633.0,143.0
3747,7634.0,140.0
3748,7635.0,159.0
3749,7636.0,168.0
3750,7639.0,149.0
3751,7642.0,131.0
3752,7645.0,118.0
3753,7646.0,101.0
3754,7647.0,106.0
3755,7650.0,110.0
3756,7651.0,126.0
3757,7653.0,0.0
3758,7656.0,0.0
3759,7657.0,0.0
3760,7658.0,184.0
3761,7660.0,205.0
3762,7662.0,177.0
3763,7664.0,190.0
3764,7666.0,182.0
3765,7667.0,184.0
3766,7668.0,182.0
3767,7670.0,189.0
3768,7672.0,189.0
3769,7673.0,186.0
3770,7674.0,174.0
3771,7677.0,173.0
3772,7680.0,179.0
3773,7683.0,161.0
3774,7684.0,164.0
3775,7686.0,166.0
3776,7689.0,158.0
3777,7691.0,152.0
3778,7692.0,154.0
3779,7693.0,146.0
3780,7694.0,148.0
3781,7696.0,165.0
3782,7698.0,160.0
3783,7700.0,161.0
3784,7701.0,150.0
3785,7704.0,134.0
3786,7705.0,132.0
3787,7706.0,135.0
3788,7708.0,130.0
3789,7710.0,124.0
3790,7713.0,129.0
3791,7716.0,33.0
3792,7717.0,33.0
3793,7720.0,34.0
3794,7722.0,183.0
3795,7723.0,181.0
3796,7726.0,163.0
3797,7727.0,152.0
3798,7729.0,150.0
3799,7732.0,148.0
3800,7734.0,147.0
3801,7737.0,152.0
3802,7738.0,160.0
3803,7739.0,163.0
3804,7742.0,129.0
3805,7743.0,200.0
3806,7744.0,297.0
3807,7746.0,297.0
3808,7749.0,268.0
3809,7751.0,250.0
3810,7753.0,235.0
3811,7754.0,230.0
3812,7756.0,230.0
3813,7759.0,230.0
3814,7762.0,262.0
3815,7764.0,329.0
3816,7766.0,341.0
3817,7769.0,346.0
3818,7772.0,396.0
3819,7775.0,392.0
3820,7777.0,438.0
3821,7779.0,421.0
3822,7780.0,415.0
3823,7781.0,394.0
3824,7782.0,422.0
3825,7785.0,426.0
3826,7788.0,422.0
3827,7791.0,414.0
3828,7793.0,407.0
3829,7794.0,403.0
3830,7795.0,400.0
3831,7797.0,408.0
3832,7799.0,398.0
3833,7800.0,414.0
3834,7803.0,441.0
3835,7804.0,412.0
3836,7807.0,425.0
3837,7808.0,428.0
3838,7810.0,403.0
3839,7813.0,413.0
3840,7816.0,402.0
3841,7819.0,440.0
3842,7822.0,408.0
3843,7823.0,409.0
3844,7824.0,444.0
3845,7825.0,434.0
3846,7827.0,429.0
3847,7829.0,444.0
3848,7830.0,424.0
3849,7832.0,431.0
3850,7834.0,429.0
3851,7837.0,418.0
3852,7838.0,402.0
3853,7841.0,429.0
3854,7843.0,466.0
3855,7844.0,448.0
3856,7845.0,446.0
3857,7847.0,458.0
3858,7848.0,461.0
3859,7849.0,451.0
3860,7850.0,423.0
3861,7853.0,420.0
3862,7855.0,419.0
3863,7856.0,442.0
3864,7857.0,468.0
3865,7858.0,437.0
3866,7861.0,465.0
3867,7863.0,488.0
3868,7864.0,476.0
3869,7865.0,474.0
3870,7868.0,464.0
3871,7869.0,431.0
3872,7871.0,417.0
3873,7874.0,432.0
3874,7877.0,463.0
3875,7879.0,437.0
3876,7880.0,406.0
3877,7881.0,426.0
3878,7882.0,446.0
3879,7883.0,439.0
3880,7885.0,435.0
3881,7887.0,452.0
3882,7890.0,436.0
3883,7893.0,448.0
3884,7895.0,487.0
3885,7896.0,459.0
3886,7897.0,485.0
3887,7898.0,474.0
3888,7899.0,485.0
3889,7901.0,479.0
3890,7904.0,455.0
3891,7905.0,437.0
3892,7906.0,465.0
3893,7908.0,450.0
3894,7910.0,455.0
3895,7912.0,487.0
3896,7913.0,482.0
3897,7916.0,468.0
3898,7917.0,452.0
3899,7918.0,412.0
3900,7920.0,428.0
3901,7921.0,416.0
3902,7924.0,417.0
3903,7925.0,412.0
3904,7927.0,407.0
3905,7930.0,396.0
3906,7933.0,431.0
3907,7934.0,421.0
3908,7937.0,357.0
3909,7938.0,348.0
3910,7940.0,396.0
3911,7943.0,398.0
3912,7944.0,459.0
3913,7946.0,436.0
3914,7947.0,415.0
3915,7950.0,429.0
3916,7953.0,342.0
3917,7955.0,236.0
3918,7957.0,22.0
3919,7959.0,22.0
3920,7961.0,24.0
3921,7962.0,74.0
3922,7964.0,52.0
3923,7965.0,53.0
3924,7966.0,48.0
3925,7967.0,32.0
3926,7970.0,42.0
3927,7972.0,47.0
3928,7974.0,55.0
3929,7975.0,68.0
3930,7978.0,77.0
3931,7980.0,88.0
3932,7983.0,90.0
3933,7986.0,107.0
3934,7988.0,106.0
3935,7989.0,102.0
3936,7991.0,101.0
3937,7994.0,118.0
3938,7995.0,126.0
3939,7997.0,131.0
3940,7998.0,139.0
3941,8000.0,140.0
3942,8001.0,156.0
3943,8002.0,162.0
3944,8005.0,164.0
3945,8006.0,165.0
3946,8007.0,165.0
3947,8008.0,142.0
3948,8011.0,118.0
3949,8014.0,101.0
3950,8016.0,92.0
3951,8018.0,90.0
3952,8020.0,48.0
3953,8022.0,11.0
3954,8025.0,50.0
3955,8028.0,91.0
3956,8031.0,118.0
3957,8034.0,108.0
3958,8037.0,98.0
3959,8039.0,112.0
3960,8041.0,105.0
3961,8042.0,20.0
3962,8043.0,20.0
3963,8045.0,20.0
3964,8048.0,33.0
3965,8050.0,33.0
3966,8052.0,34.0
3967,8054.0,114.0
3968,8055.0,104.0
3969,8058.0,111.0
3970,8059.0,104.0
3971,8062.0,103.0
3972,8064.0,99.0
3973,8067.0,112.0
3974,8068.0,108.0
3975,8070.0,98.0
3976,8071.0,88.0
3977,8074.0,64.0
3978,8077.0,54.0
3979,8078.0,50.0
3980,8079.0,46.0
3981,8080.0,55.0
3982,8082.0,75.0
3983,8084.0,96.0
3984,8087.0,110.0
3985,8089.0,130.0
3986,8092.0,165.0
3987,8094.0,156.0
3988,8095.0,143.0
3989,8096.0,143.0
3990,8099.0,136.0
3991,8100.0,130.0
3992,8102.0,139.0
3993,8105.0,141.0
3994,8106.0,150.0
3995,8109.0,148.0
3996,8110.0,159.0
3997,8112.0,166.0
3998,8113.0,158.0
3999,8114.0,153.0
4000,8115.0,133.0
4001,8117.0,143.0
4002,8118.0,133.0
4003,8120.0,122.0
4004,8122.0,127.0
4005,8125.0,127.0
4006,8127.0,129.0
4007,8130.0,126.0
4008,8131.0,32.0
4009,8132.0,32.0
4010,8135.0,32.0
4011,8137.0,166.0
4012,8140.0,173.0
4013,8141.0,216.0
4014,8143.0,0.0
4015,8144.0,0.0
4016,8147.0,0.0
4017,8149.0,0.0
4018,8150.0,0.0
4019,8153.0,0.0
4020,8155.0,0.0
4021,8158.0,0.0
4022,8161.0,105.0
4023,8162.0,215.0
4024,8164.0,217.0
4025,8165.0,228.0
4026,8168.0,30.0
4027,8169.0,30.0
4028,8170.0,94.0
4029,8173.0,0.0
4030,8174.0,0.0
4031,8175.0,0.0
4032,8176.0,56.0
4033,8178.0,115.0
4034,8180.0,104.0
4035,8181.0,87.0
4036,8183.0,73.0
4037,8185.0,54.0
4038,8186.0,62.0
4039,8189.0,70.0
4040,8190.0,34.0
4041,8193.0,14.0
4042,8195.0,14.0
4043,8197.0,14.0
4044,8200.0,91.0
4045,8203.0,85.0
4046,8206.0,84.0
4047,8208.0,89.0
4048,8209.0,93.0
4049,8210.0,68.0
4050,8213.0,47.0
4051,8215.0,51.0
4052,8216.0,50.0
4053,8219.0,0.0
4054,8221.0,0.0
4055,8223.0,0.0
4056,8226.0,0.0
4057,8229.0,0.0
4058,8230.0,0.0
4059,8233.0,0.0
4060,8234.0,0.0
4061,8236.0,0.0
4062,8237.0,0.0
4063,8239.0,0.0
4064,8241.0,0.0
4065,8243.0,0.0
4066,8264.0,0.0
4067,8265.0,0.0
4068,8267.0,0.0
4069,8269.0,70.0
4070,8271.0,184.0
4071,8274.0,195.0
4072,8276.0,182.0
4073,8279.0,193.0
4074,8281.0,191.0
4075,8282.0,185.0
4076,8284.0,174.0
4077,8285.0,156.0
4078,8286.0,150.0
4079,8287.0,153.0
4080,8290.0,162.0
4081,8291.0,153.0
4082,8294.0,160.0
4083,8295.0,163.0
4084,8297.0,154.0
4085,8298.0,144.0
4086,8300.0,66.0
4087,8303.0,66.0
4088,8306.0,68.0
4089,8308.0,197.0
4090,8309.0,199.0
4091,8311.0,176.0
4092,8314.0,175.0
4093,8316.0,167.0
4094,8317.0,155.0
4095,8319.0,158.0
4096,8320.0,150.0
4097,8322.0,27.0
4098,8324.0,27.0
4099,8325.0,216.0
4100,8328.0,209.0
4101,8329.0,209.0
4102,8332.0,194.0
4103,8333.0,191.0
4104,8335.0,199.0
4105,8338.0,187.0
4106,8340.0,185.0
4107,8341.0,178.0
4108,8342.0,164.0
4109,8345.0,167.0
4110,8346.0,177.0
4111,8349.0,179.0
4112,8351.0,180.0
4113,8354.0,170.0
4114,8355.0,145.0
4115,8357.0,154.0
4116,8358.0,118.0
4117,8360.0,0.0
4118,8362.0,0.0
4119,8363.0,0.0
4120,8366.0,0.0
4121,8367.0,0.0
4122,8368.0,83.0
4123,8370.0,238.0
4124,8373.0,196.0
4125,8375.0,197.0
4126,8376.0,208.0
4127,8379.0,180.0
4128,8380.0,169.0
4129,8382.0,164.0
4130,8384.0,162.0
4131,8385.0,180.0
4132,8386.0,167.0
4133,8388.0,170.0
4134,8389.0,152.0
4135,8392.0,171.0
4136,8393.0,161.0
4137,8396.0,154.0
4138,8398.0,160.0
4139,8400.0,149.0
4140,8402.0,144.0
4141,8404.0,141.0
4142,8406.0,116.0
4143,8407.0,91.0
4144,8410.0,91.0
4145,8413.0,91.0
4146,8414.0,46.0
4147,8417.0,47.0
4148,8418.0,183.0
4149,8419.0,169.0
4150,8422.0,188.0
4151,8425.0,171.0
4152,8428.0,163.0
4153,8430.0,164.0
4154,8431.0,165.0
4155,8433.0,156.0
4156,8435.0,166.0
4157,8438.0,173.0
4158,8439.0,45.0
4159,8442.0,46.0
4160,8445.0,186.0
4161,8446.0,179.0
4162,8447.0,144.0
4163,8448.0,143.0
4164,8451.0,0.0
4165,8453.0,0.0
4166,8455.0,0.0
4167,8457.0,242.0
4168,8459.0,0.0
4169,8462.0,0.0
4170,8464.0,0.0
4171,8465.0,298.0
4172,8468.0,326.0
4173,8471.0,27.0
4174,8472.0,28.0
4175,8475.0,190.0
4176,8476.0,172.0
4177,8477.0,128.0
4178,8478.0,33.0
4179,8481.0,0.0
4180,8484.0,0.0
4181,8485.0,0.0
4182,8486.0,109.0
4183,8488.0,212.0
4184,8491.0,192.0
4185,8492.0,186.0
4186,8495.0,182.0
4187,8497.0,172.0
4188,8499.0,168.0
4189,8500.0,158.0
4190,8502.0,149.0
4191,8504.0,150.0
4192,8507.0,157.0
4193,8508.0,165.0
4194,8510.0,171.0
4195,8513.0,183.0
4196,8515.0,191.0
4197,8517.0,209.0
4198,8518.0,190.0
4199,8519.0,184.0
4200,8521.0,175.0
4201,8522.0,168.0
4202,8523.0,158.0
4203,8525.0,159.0
4204,8526.0,211.0
4205,8529.0,213.0
4206,8531.0,196.0
4207,8532.0,190.0
4208,8533.0,192.0
4209,8535.0,193.0
4210,8536.0,198.0
4211,8537.0,205.0
4212,8540.0,200.0
4213,8543.0,187.0
4214,8545.0,181.0
4215,8546.0,174.0
4216,8547.0,172.0
4217,8549.0,164.0
4218,8550.0,175.0
4219,8552.0,185.0
4220,8555.0,185.0
4221,8558.0,190.0
4222,8561.0,198.0
4223,8562.0,200.0
4224,8564.0,188.0
4225,8566.0,176.0
4226,8568.0,180.0
4227,8570.0,181.0
4228,8573.0,192.0
4229,8574.0,174.0
4230,8577.0,157.0
4231,8578.0,164.0
4232,8581.0,171.0
4233,8583.0,172.0
4234,8585.0,194.0
4235,8587.0,182.0
4236,8590.0,187.0
4237,8592.0,199.0
4238,8595.0,197.0
4239,8597.0,190.0
4240,8600.0,195.0
4241,8602.0,283.0
4242,8605.0,291.0
4243,8608.0,292.0
4244,8610.0,299.0
4245,8612.0,307.0
4246,8615.0,281.0
4247,8618.0,286.0
4248,8620.0,297.0
4249,8623.0,57.0
4250,8626.0,57.0
4251,8628.0,58.0
4252,8629.0,169.0
4253,8632.0,148.0
4254,8635.0,0.0
4255,8638.0,0.0
4256,8639.0,0.0
4257,8640.0,197.0
4258,8642.0,179.0
4259,8644.0,178.0
4260,8646.0,167.0
4261,8649.0,172.0
4262,8650.0,161.0
4263,8653.0,154.0
4264,8654.0,141.0
4265,8656.0,155.0
4266,8659.0,139.0
4267,8662.0,139.0
4268,8665.0,123.0
4269,8667.0,0.0
4270,8669.0,0.0
4271,8670.0,0.0
4272,8673.0,0.0
4273,8674.0,0.0
4274,8676.0,306.0
4275,8678.0,48.0
4276,8681.0,48.0
4277,8683.0,48.0
4278,8685.0,172.0
4279,8686.0,142.0
4280,8689.0,142.0
4281,8692.0,150.0
4282,8695.0,132.0
4283,8697.0,100.0
4284,8700.0,91.0
4285,8702.0,88.0
4286,8704.0,0.0
4287,8705.0,0.0
4288,8707.0,0.0
4289,8708.0,0.0
4290,8709.0,0.0
4291,8710.0,0.0
4292,8713.0,291.0
4293,8715.0,0.0
4294,8717.0,0.0
4295,8720.0,0.0
4296,8721.0,133.0
4297,8723.0,64.0
4298,8726.0,64.0
4299,8728.0,251.0
4300,8729.0,230.0
4301,8731.0,233.0
4302,8733.0,206.0
4303,8734.0,200.0
4304,8737.0,200.0
4305,8739.0,203.0
4306,8741.0,201.0
4307,8743.0,196.0
4308,8744.0,199.0
4309,8746.0,191.0
4310,8749.0,201.0
4311,8752.0,189.0
4312,8754.0,192.0
4313,8757.0,188.0
4314,8760.0,179.0
4315,8762.0,184.0
4316,8765.0,186.0
4317,8768.0,156.0
4318,8769.0,149.0
4319,8771.0,0.0
4320,8774.0,0.0
4321,8777.0,0.0
4322,8778.0,0.0
4323,8780.0,0.0
4324,8781.0,0.0
4325,8784.0,0.0
4326,8785.0,0.0
4327,8787.0,0.0
4328,8789.0,0.0
4329,8791.0,0.0
4330,8792.0,0.0
4331,8795.0,0.0
4332,8797.0,103.0
4333,8800.0,307.0
4334,8803.0,319.0
4335,8806.0,294.0
4336,8807.0,307.0
4337,8809.0,302.0
4338,8812.0,299.0
4339,8814.0,39.0
4340,8817.0,39.0
4341,8818.0,40.0
4342,8819.0,166.0
4343,8820.0,153.0
4344,8823.0,147.0
4345,8824.0,137.0
4346,8827.0,134.0
4347,8829.0,2.0
4348,8830.0,0.0
4349,8832.0,0.0
4350,8835.0,0.0
4351,8838.0,0.0
4352,8840.0,0.0
4353,8842.0,0.0
4354,8844.0,0.0
4355,8846.0,0.0
4356,8848.0,262.0
4357,8850.0,272.0
4358,8852.0,287.0
4359,8854.0,314.0
4360,8855.0,321.0
4361,8856.0,326.0
4362,8857.0,347.0
4363,8859.0,375.0
4364,8860.0,264.0
4365,8862.0,205.0
4366,8864.0,178.0
4367,8866.0,181.0
4368,8867.0,188.0
4369,8868.0,182.0
4370,8870.0,185.0
4371,8871.0,187.0
4372,8872.0,196.0
4373,8874.0,196.0
4374,8876.0,193.0
4375,8877.0,187.0
4376,8880.0,217.0
4377,8881.0,180.0
4378,8882.0,172.0
4379,8884.0,166.0
4380,8885.0,180.0
4381,8888.0,174.0
4382,8890.0,174.0
4383,8892.0,169.0
4384,8895.0,174.0
4385,8896.0,183.0
4386,8899.0,174.0
4387,8901.0,174.0
4388,8903.0,183.0
4389,8905.0,184.0
4390,8906.0,195.0
4391,8908.0,199.0
4392,8910.0,200.0
4393,8911.0,190.0
4394,8912.0,192.0
4395,8915.0,193.0
4396,8917.0,185.0
4397,8919.0,184.0
4398,8921.0,176.0
4399,8924.0,172.0
4400,8925.0,178.0
4401,8926.0,171.0
4402,8927.0,147.0
4403,8929.0,103.0
4404,8930.0,49.0
4405,8931.0,37.0
4406,8934.0,95.0
4407,8936.0,100.0
4408,8939.0,148.0
4409,8942.0,159.0
4410,8943.0,137.0
4411,8945.0,109.0
4412,8946.0,99.0
4413,8947.0,79.0
4414,8950.0,22.0
4415,8952.0,11.0
4416,8955.0,101.0
4417,8957.0,202.0
4418,8959.0,203.0
4419,8962.0,193.0
4420,8965.0,183.0
4421,8967.0,183.0
4422,8969.0,189.0
4423,8970.0,178.0
4424,8971.0,174.0
4425,8974.0,180.0
4426,8977.0,167.0
4427,8980.0,163.0
4428,8981.0,165.0
4429,8984.0,177.0
4430,8985.0,182.0
4431,8988.0,183.0
4432,8989.0,187.0
4433,8992.0,191.0
4434,8995.0,192.0
4435,8998.0,184.0
4436,9000.0,178.0
4437,9001.0,186.0
4438,9002.0,178.0
4439,9004.0,169.0
4440,9006.0,161.0
4441,9008.0,171.0
4442,9009.0,163.0
4443,9010.0,163.0
4444,9012.0,163.0
4445,9015.0,169.0
4446,9017.0,159.0
4447,9020.0,162.0
4448,9023.0,176.0
4449,9025.0,166.0
4450,9027.0,160.0
4451,9029.0,163.0
4452,9030.0,167.0
4453,9033.0,163.0
4454,9036.0,168.0
4455,9039.0,154.0
4456,9040.0,158.0
4457,9042.0,166.0
4458,9044.0,158.0
4459,9047.0,160.0
4460,9050.0,169.0
4461,9052.0,169.0
4462,9053.0,172.0
4463,9054.0,181.0
4464,9057.0,176.0
4465,9059.0,176.0
4466,9061.0,175.0
4467,9064.0,180.0
4468,9067.0,179.0
4469,9069.0,179.0
4470,9072.0,183.0
4471,9073.0,169.0
4472,9075.0,171.0
4473,9076.0,171.0
4474,9078.0,168.0
4475,9081.0,164.0
4476,9084.0,158.0
4477,9087.0,167.0
4478,9089.0,144.0
4479,9092.0,76.0
4480,9095.0,59.0
4481,9097.0,83.0
4482,9098.0,82.0
4483,9099.0,57.0
4484,9101.0,58.0
4485,9102.0,57.0
4486,9103.0,51.0
4487,9104.0,65.0
4488,9107.0,56.0
4489,9108.0,24.0
4490,9109.0,11.0
4491,9112.0,48.0
4492,9114.0,48.0
4493,9116.0,50.0
4494,9118.0,65.0
4495,9120.0,6.0
4496,9123.0,4.0
4497,9126.0,57.0
4498,9129.0,166.0
4499,9132.0,298.0
4500,9134.0,271.0
4501,9137.0,271.0
4502,9140.0,280.0
4503,9142.0,254.0
4504,9143.0,198.0
4505,9144.0,173.0
4506,9145.0,174.0
4507,9147.0,170.0
4508,9150.0,156.0
4509,9151.0,157.0
4510,9154.0,143.0
4511,9155.0,141.0
4512,9158.0,148.0
4513,9160.0,159.0
4514,9161.0,175.0
4515,9164.0,171.0
4516,9166.0,165.0
4517,9168.0,150.0
4518,9169.0,148.0
4519,9171.0,154.0
4520,9172.0,169.0
4521,9175.0,171.0
4522,9177.0,185.0
4523,9180.0,192.0
4524,9181.0,188.0
4525,9183.0,192.0
4526,9186.0,171.0
4527,9188.0,170.0
4528,9191.0,162.0
4529,9192.0,141.0
4530,9194.0,154.0
4531,9197.0,154.0
4532,9199.0,152.0
4533,9201.0,159.0
4534,9203.0,161.0
4535,9205.0,156.0
4536,9206.0,167.0
4537,9209.0,168.0
4538,9210.0,169.0
4539,9213.0,168.0
4540,9215.0,169.0
4541,9217.0,163.0
4542,9218.0,183.0
4543,9220.0,183.0
4544,9223.0,192.0
4545,9224.0,176.0
4546,9225.0,165.0
4547,9228.0,155.0
4548,9230.0,172.0
4549,9233.0,172.0
4550,9234.0,171.0
4551,9235.0,175.0
4552,9236.0,180.0
4553,9237.0,178.0
4554,9238.0,159.0
4555,9240.0,162.0
4556,9242.0,149.0
4557,9244.0,154.0
4558,9246.0,163.0
4559,9249.0,163.0
4560,9252.0,158.0
4561,9254.0,175.0
4562,9257.0,172.0
4563,9259.0,169.0
4564,9260.0,169.0
4565,9261.0,166.0
4566,9263.0,166.0
4567,9266.0,152.0
4568,9267.0,115.0
4569,9269.0,82.0
4570,9271.0,169.0
4571,9272.0,161.0
4572,9275.0,0.0
4573,9278.0,0.0
4574,9280.0,0.0
4575,9282.0,0.0
4576,9284.0,163.0
4577,9286.0,141.0
4578,9287.0,115.0
4579,9289.0,95.0
4580,9290.0,83.0
4581,9292.0,78.0
4582,9293.0,62.0
4583,9295.0,0.0
4584,9297.0,0.0
4585,9299.0,0.0
4586,9300.0,0.0
4587,9303.0,0.0
4588,9305.0,0.0
4589,9307.0,0.0
4590,9309.0,0.0
4591,9310.0,226.0
4592,9312.0,236.0
4593,9314.0,264.0
4594,9317.0,278.0
4595,9318.0,272.0
4596,9320.0,285.0
4597,9322.0,0.0
4598,9323.0,0.0
4599,9326.0,0.0
4600,9328.0,149.0
4601,9329.0,141.0
4602,9331.0,119.0
4603,9332.0,105.0
4604,9335.0,80.0
4605,9337.0,0.0
4606,9340.0,0.0
